<?xml version="1.0" encoding="UTF-8"?>
<!DOCTYPE generatorConfiguration
        PUBLIC "-//mybatis.org//DTD MyBatis Generator Configuration 1.0//EN"
        "http://mybatis.org/dtd/mybatis-generator-config_1_0.dtd">

<!-- https://gist.github.com/gnosis23/11217161 -->
<generatorConfiguration>

	<!-- <classPathEntry location="C:\Users\bohao\.m2\repository\mysql\mysql-connector-java\5.1.29\mysql-connector-java-5.1.29.jar"/> 
	<classPathEntry location="lib/mysql-connector-java-5.1.31.jar" />
 -->
 
	<context id="DB2Tables" targetRuntime="MyBatis3">
		<commentGenerator>
			<property name="suppressAllComments" value="true" />
		</commentGenerator>

		<jdbcConnection driverClass="com.mysql.jdbc.Driver"
			connectionURL="jdbc:mysql://localhost:3306/test" userId="root"	password="">
		</jdbcConnection>

<!-- 		type="mybatis.JavaTypeResolverCustomImpl" -->
		<javaTypeResolver>
			<property name="forceBigDecimals" value="false" />
		</javaTypeResolver>

		<javaModelGenerator targetPackage="com.company.model"
			targetProject="src\main\java">
			<property name="enableSubPackages" value="true"/>
			<property name="trimStrings" value="true" /> 
		</javaModelGenerator>

		<sqlMapGenerator targetPackage="mapper" targetProject="src\main\resources">
			<property name="enableSubPackages" value="true" /> 
		</sqlMapGenerator>

		<javaClientGenerator type="XMLMAPPER"
			targetPackage="com.company.dao" targetProject="src\main\java">
			<property name="enableSubPackages" value="true" /> 
		</javaClientGenerator>

		<table schema="test" tableName="user" domainObjectName="User" >
<!-- 		<table schema="test" tableName="user" domainObjectName="User" enableCountByExample="false" enableUpdateByExample="false" enableDeleteByExample="false" enableSelectByExample="false" selectByExampleQueryId="false" > -->
				   <!-- ignoreColumn : 排除属性 
            <ignoreColumn column="Age" /> 
            <columnOverride column="status" javaType="java.lang.Integer" jdbcType="TINYINT" />-->
		</table>
		
<!-- 		<table schema="smart" tableName="tp_device" domainObjectName="Device" enableCountByExample="false" enableUpdateByExample="false" enableDeleteByExample="false" enableSelectByExample="false" selectByExampleQueryId="false" /> -->
 
	</context>
</generatorConfiguration>