<?xml version="1.0" encoding="UTF-8"?>
<!DOCTYPE mapper PUBLIC "-//mybatis.org//DTD Mapper 3.0//EN" "http://mybatis.org/dtd/mybatis-3-mapper.dtd">
<mapper namespace="com.wanke.data.mapper.SysRoleMapperExt">
    <resultMap id="BaseResultMap" type="com.wanke.data.entity.SysRole">
        <!--
        @mbggenerated
        -->
        <id column="id" jdbcType="BIGINT" property="id" />
        <result column="name" jdbcType="VARCHAR" property="name" />
        <result column="code" jdbcType="VARCHAR" property="code" />
        <result column="remark" jdbcType="VARCHAR" property="remark" />
        <result column="status" jdbcType="BIT" property="status" />
        <result column="parent_id" jdbcType="BIGINT" property="parentId" />
        <result column="create_by" jdbcType="BIGINT" property="createBy" />
        <result column="create_at" jdbcType="TIMESTAMP" property="createAt" />
        <result column="update_by" jdbcType="BIGINT" property="updateBy" />
        <result column="update_at" jdbcType="TIMESTAMP" property="updateAt" />
    </resultMap>
    <sql id="Example_Where_Clause">
        <!--
        @mbggenerated
        -->
        <where>
            <foreach collection="oredCriteria" item="criteria" separator="or">
                <if test="criteria.valid">
                    <trim prefix="(" prefixOverrides="and" suffix=")">
                        <foreach collection="criteria.criteria" item="criterion">
                            <choose>
                                <when test="criterion.noValue">
                                    and ${criterion.condition}
                                </when>
                                <when test="criterion.singleValue">
                                    and ${criterion.condition} #{criterion.value}
                                </when>
                                <when test="criterion.betweenValue">
                                    and ${criterion.condition} #{criterion.value} and #{criterion.secondValue}
                                </when>
                                <when test="criterion.listValue">
                                    and ${criterion.condition}
                                    <foreach close=")" collection="criterion.value" item="listItem" open="(" separator=",">
                                        #{listItem}
                                    </foreach>
                                </when>
                            </choose>
                        </foreach>
                    </trim>
                </if>
            </foreach>
        </where>
    </sql>
    <sql id="Update_By_Example_Where_Clause">
        <!--
        @mbggenerated
        -->
        <where>
            <foreach collection="example.oredCriteria" item="criteria" separator="or">
                <if test="criteria.valid">
                    <trim prefix="(" prefixOverrides="and" suffix=")">
                        <foreach collection="criteria.criteria" item="criterion">
                            <choose>
                                <when test="criterion.noValue">
                                    and ${criterion.condition}
                                </when>
                                <when test="criterion.singleValue">
                                    and ${criterion.condition} #{criterion.value}
                                </when>
                                <when test="criterion.betweenValue">
                                    and ${criterion.condition} #{criterion.value} and #{criterion.secondValue}
                                </when>
                                <when test="criterion.listValue">
                                    and ${criterion.condition}
                                    <foreach close=")" collection="criterion.value" item="listItem" open="(" separator=",">
                                        #{listItem}
                                    </foreach>
                                </when>
                            </choose>
                        </foreach>
                    </trim>
                </if>
            </foreach>
        </where>
    </sql>
    <sql id="Base_Column_List">
        <!--
        @mbggenerated
        -->
        id, `name`, code, remark, `status`, parent_id, create_by, create_at, update_by, update_at
    </sql>
    <select id="selectByExample" parameterType="com.wanke.data.entity.SysRoleExample" resultMap="BaseResultMap">
        <!--
        @mbggenerated
        -->
        select
        <if test="distinct">
            distinct
        </if>
        'true' as QUERYID,
        <include refid="Base_Column_List" />
        from `sys_role`
        <if test="_parameter != null">
            <include refid="Example_Where_Clause" />
        </if>
        <if test="orderByClause != null">
            order by ${orderByClause}
        </if>
    </select>
    <select id="selectByPrimaryKey" parameterType="java.lang.Long" resultMap="BaseResultMap">
        <!--
        @mbggenerated
        -->
        select
        <include refid="Base_Column_List" />
        from `sys_role`
        where id = #{id,jdbcType=BIGINT}
    </select>
    <delete id="deleteByPrimaryKey" parameterType="java.lang.Long">
        <!--
        @mbggenerated
        -->
        delete from `sys_role`
        where id = #{id,jdbcType=BIGINT}
    </delete>
    <delete id="deleteByExample" parameterType="com.wanke.data.entity.SysRoleExample">
        <!--
        @mbggenerated
        -->
        delete from `sys_role`
        <if test="_parameter != null">
            <include refid="Example_Where_Clause" />
        </if>
    </delete>
    <insert id="insert" parameterType="com.wanke.data.entity.SysRole">
        <!--
        @mbggenerated
        -->
        insert into `sys_role` (id, `name`, code,
        remark, `status`, parent_id,
        create_by, create_at, update_by,
        update_at)
        values (#{id,jdbcType=BIGINT}, #{name,jdbcType=VARCHAR}, #{code,jdbcType=VARCHAR},
        #{remark,jdbcType=VARCHAR}, #{status,jdbcType=BIT}, #{parentId,jdbcType=BIGINT},
        #{createBy,jdbcType=BIGINT}, #{createAt,jdbcType=TIMESTAMP}, #{updateBy,jdbcType=BIGINT},
        #{updateAt,jdbcType=TIMESTAMP})
    </insert>
    <insert id="insertSelective" keyColumn="id" keyProperty="id" parameterType="com.wanke.data.entity.SysRole" useGeneratedKeys="true">
        <!--
        @mbggenerated
        -->
        insert into `sys_role`
        <trim prefix="(" suffix=")" suffixOverrides=",">
            <if test="id != null">
                id,
            </if>
            <if test="name != null">
                `name`,
            </if>
            <if test="code != null">
                code,
            </if>
            <if test="remark != null">
                remark,
            </if>
            <if test="status != null">
                `status`,
            </if>
            <if test="parentId != null">
                parent_id,
            </if>
            <if test="createBy != null">
                create_by,
            </if>
            <if test="createAt != null">
                create_at,
            </if>
            <if test="updateBy != null">
                update_by,
            </if>
            <if test="updateAt != null">
                update_at,
            </if>
        </trim>
        <trim prefix="values (" suffix=")" suffixOverrides=",">
            <if test="id != null">
                #{id,jdbcType=BIGINT},
            </if>
            <if test="name != null">
                #{name,jdbcType=VARCHAR},
            </if>
            <if test="code != null">
                #{code,jdbcType=VARCHAR},
            </if>
            <if test="remark != null">
                #{remark,jdbcType=VARCHAR},
            </if>
            <if test="status != null">
                #{status,jdbcType=BIT},
            </if>
            <if test="parentId != null">
                #{parentId,jdbcType=BIGINT},
            </if>
            <if test="createBy != null">
                #{createBy,jdbcType=BIGINT},
            </if>
            <if test="createAt != null">
                #{createAt,jdbcType=TIMESTAMP},
            </if>
            <if test="updateBy != null">
                #{updateBy,jdbcType=BIGINT},
            </if>
            <if test="updateAt != null">
                #{updateAt,jdbcType=TIMESTAMP},
            </if>
        </trim>
    </insert>
    <select id="countByExample" parameterType="com.wanke.data.entity.SysRoleExample" resultType="java.lang.Integer">
        <!--
        @mbggenerated
        -->
        select count(*) from `sys_role`
        <if test="_parameter != null">
            <include refid="Example_Where_Clause" />
        </if>
    </select>
    <update id="updateByExampleSelective" parameterType="map">
        <!--
        @mbggenerated
        -->
        update `sys_role`
        <set>
            <if test="record.id != null">
                id = #{record.id,jdbcType=BIGINT},
            </if>
            <if test="record.name != null">
                `name` = #{record.name,jdbcType=VARCHAR},
            </if>
            <if test="record.code != null">
                code = #{record.code,jdbcType=VARCHAR},
            </if>
            <if test="record.remark != null">
                remark = #{record.remark,jdbcType=VARCHAR},
            </if>
            <if test="record.status != null">
                `status` = #{record.status,jdbcType=BIT},
            </if>
            <if test="record.parentId != null">
                parent_id = #{record.parentId,jdbcType=BIGINT},
            </if>
            <if test="record.createBy != null">
                create_by = #{record.createBy,jdbcType=BIGINT},
            </if>
            <if test="record.createAt != null">
                create_at = #{record.createAt,jdbcType=TIMESTAMP},
            </if>
            <if test="record.updateBy != null">
                update_by = #{record.updateBy,jdbcType=BIGINT},
            </if>
            <if test="record.updateAt != null">
                update_at = #{record.updateAt,jdbcType=TIMESTAMP},
            </if>
        </set>
        <if test="_parameter != null">
            <include refid="Update_By_Example_Where_Clause" />
        </if>
    </update>
    <update id="updateByExample" parameterType="map">
        <!--
        @mbggenerated
        -->
        update `sys_role`
        set id = #{record.id,jdbcType=BIGINT},
        `name` = #{record.name,jdbcType=VARCHAR},
        code = #{record.code,jdbcType=VARCHAR},
        remark = #{record.remark,jdbcType=VARCHAR},
        `status` = #{record.status,jdbcType=BIT},
        parent_id = #{record.parentId,jdbcType=BIGINT},
        create_by = #{record.createBy,jdbcType=BIGINT},
        create_at = #{record.createAt,jdbcType=TIMESTAMP},
        update_by = #{record.updateBy,jdbcType=BIGINT},
        update_at = #{record.updateAt,jdbcType=TIMESTAMP}
        <if test="_parameter != null">
            <include refid="Update_By_Example_Where_Clause" />
        </if>
    </update>
    <update id="updateByPrimaryKeySelective" parameterType="com.wanke.data.entity.SysRole">
        <!--
        @mbggenerated
        -->
        update `sys_role`
        <set>
            <if test="name != null">
                `name` = #{name,jdbcType=VARCHAR},
            </if>
            <if test="code != null">
                code = #{code,jdbcType=VARCHAR},
            </if>
            <if test="remark != null">
                remark = #{remark,jdbcType=VARCHAR},
            </if>
            <if test="status != null">
                `status` = #{status,jdbcType=BIT},
            </if>
            <if test="parentId != null">
                parent_id = #{parentId,jdbcType=BIGINT},
            </if>
            <if test="createBy != null">
                create_by = #{createBy,jdbcType=BIGINT},
            </if>
            <if test="createAt != null">
                create_at = #{createAt,jdbcType=TIMESTAMP},
            </if>
            <if test="updateBy != null">
                update_by = #{updateBy,jdbcType=BIGINT},
            </if>
            <if test="updateAt != null">
                update_at = #{updateAt,jdbcType=TIMESTAMP},
            </if>
        </set>
        where id = #{id,jdbcType=BIGINT}
    </update>
    <update id="updateByPrimaryKey" parameterType="com.wanke.data.entity.SysRole">
        <!--
        @mbggenerated
        -->
        update `sys_role`
        set `name` = #{name,jdbcType=VARCHAR},
        code = #{code,jdbcType=VARCHAR},
        remark = #{remark,jdbcType=VARCHAR},
        `status` = #{status,jdbcType=BIT},
        parent_id = #{parentId,jdbcType=BIGINT},
        create_by = #{createBy,jdbcType=BIGINT},
        create_at = #{createAt,jdbcType=TIMESTAMP},
        update_by = #{updateBy,jdbcType=BIGINT},
        update_at = #{updateAt,jdbcType=TIMESTAMP}
        where id = #{id,jdbcType=BIGINT}
    </update>
</mapper>