<beans xmlns="http://www.springframework.org/schema/beans"
	xmlns:context="http://www.springframework.org/schema/context"
	xmlns:xsi="http://www.w3.org/2001/XMLSchema-instance"
	xmlns:mvc="http://www.springframework.org/schema/mvc"
	xsi:schemaLocation="
        http://www.springframework.org/schema/beans     
        http://www.springframework.org/schema/beans/spring-beans.xsd
        http://www.springframework.org/schema/mvc 
        http://www.springframework.org/schema/mvc/spring-mvc.xsd
        http://www.springframework.org/schema/context 
        http://www.springframework.org/schema/context/spring-context.xsd ">
 
	<context:component-scan base-package="com.mkyong.helloworld.web" />
 
	<bean class="org.springframework.web.servlet.view.InternalResourceViewResolver">
		<property name="viewClass" value="org.springframework.web.servlet.view.JstlView"/>
		<property name="prefix" value="/WEB-INF/views/jsp/" />
		<property name="suffix" value=".jsp" />
	</bean>
 
	<mvc:resources mapping="/resources/**" location="/resources/" />

	<!-- Direct static mappings -->
	<!--<mvc:resources mapping="*.html" location="/"/>-->

    <mvc:resources mapping="/swagger/**" location="/WEB-INF/swagger-ui/"/>

    <mvc:default-servlet-handler/>
	 
	<mvc:annotation-driven />
 	 <bean class="com.mangofactory.swagger.configuration.SpringSwaggerConfig" />
	  
</beans>