<?xml version="1.0" encoding="UTF-8"?>
<!--
 - Copyright 1999-2011 Alibaba Group.
 -  
 - Licensed under the Apache License, Version 2.0 (the "License");
 - you may not use this file except in compliance with the License.
 - You may obtain a copy of the License at
 -  
 -      http://www.apache.org/licenses/LICENSE-2.0
 -  
 - Unless required by applicable law or agreed to in writing, software
 - distributed under the License is distributed on an "AS IS" BASIS,
 - WITHOUT WARRANTIES OR CONDITIONS OF ANY KIND, either express or implied.
 - See the License for the specific language governing permissions and
 - limitations under the License.
-->
<beans xmlns="http://www.springframework.org/schema/beans"
	xmlns:xsi="http://www.w3.org/2001/XMLSchema-instance"
	xmlns:dubbo="http://code.alibabatech.com/schema/dubbo"
	xsi:schemaLocation="http://www.springframework.org/schema/beans http://www.springframework.org/schema/beans/spring-beans-2.5.xsd
	http://code.alibabatech.com/schema/dubbo http://code.alibabatech.com/schema/dubbo/dubbo.xsd">

    <dubbo:application name="demo-provider" owner="programmer" organization="dubbox"/>

    <dubbo:registry address="zookeeper://127.0.0.1:2181"/>

    <!--uncomment this if you want to test dubbo's monitor-->
    <!--<dubbo:monitor protocol="registry"/>-->


    <!--<dubbo:protocol name="dubbo" serialization="kryo" optimizer="com.alibaba.dubbo.demo.SerializationOptimizerImpl"/>-->
    <!--<dubbo:protocol name="dubbo" serialization="fst" optimizer="com.alibaba.dubbo.demo.SerializationOptimizerImpl"/>-->
    <!--<dubbo:protocol name="dubbo" serialization="nativejava"/>-->
    <!--<dubbo:protocol name="dubbo" serialization="hessian2"/>-->
    <!--<dubbo:protocol name="dubbo" serialization="fastjson"/>-->
    <dubbo:protocol name="dubbo" serialization="dubbo"/>


    <!--TODO according to the spring convention, we should use something like keep-alive-->
    <!-- use netty server -->
    <!--<dubbo:protocol name="rest" port="8888" keepalive="true" server="netty" iothreads="5" threads="100" contextpath="services"/>-->

    <!-- use tomcat server
    <dubbo:protocol name="rest" port="8888" threads="500" contextpath="services" server="tomcat" accepts="500"
                    extension="org.atsmart.charger.service.dubbo.extension.TraceInterceptor,
                    org.atsmart.charger.service.dubbo.extension.TraceFilter,
                    org.atsmart.charger.service.dubbo.extension.ClientTraceFilter,
                    org.atsmart.charger.service.dubbo.extension.DynamicTraceBinding,
                    org.atsmart.charger.service.dubbo.extension.CustomExceptionMapper,
                    com.alibaba.dubbo.rpc.protocol.rest.support.LoggingFilter"/>
     -->
    <!-- use the external tomcat or other server with the servlet approach; the port and contextpath must be exactly the same as those in external server -->
    <!--<dubbo:protocol name="rest" port="8888" contextpath="services" server="servlet"/>-->

    <!--<dubbo:protocol name="http" port="8889"/>-->
    <!--<dubbo:protocol name="hessian" port="8890"/>-->
    <!--<dubbo:protocol name="webservice" port="8892"/>-->


    <!-- we add the group property since there's another annotation-configured service impl: com.alibaba.dubbo.demo.user.facade.AnnotationDrivenUserRestServiceImpl -->
    <!-- group version可选，用于隔离 -->
    <!--<dubbo:service interface="org.atsmart.charger.service.dubbo.user.UserService" ref="userService"  protocol="dubbo"  version="1.0.0" group="dev" />-->
    <dubbo:service interface="org.atsmart.charger.service.dubbo.user.UserService" ref="userService"  protocol="dubbo"  validation="true" />

	<!--<dubbo:service interface="org.atsmart.charger.service.dubbo.user.UserRestService" ref="userRestService"  protocol="rest" validation="true"/>-->
    <dubbo:service interface="org.atsmart.charger.service.dubbo.user.UserRestService" ref="userRestService"  protocol="dubbo" validation="true"/>

    <dubbo:service interface="org.atsmart.charger.service.dubbo.hello.HelloService" ref="helloService"  protocol="dubbo" validation="true"/>

    <bean id="userService" class="org.atsmart.charger.service.impl.dubbo.user.UserServiceImpl" />

    <bean id="userRestService" class="org.atsmart.charger.service.impl.dubbo.user.UserRestServiceImpl">
        <property name="userService" ref="userService"/>
    </bean>

    <bean id="helloService" class="org.atsmart.charger.service.impl.dubbo.user.HelloServiceImpl" />

</beans>