<?xml version="1.0" encoding="UTF-8" ?>
<!DOCTYPE mapper PUBLIC "-//mybatis.org//DTD Mapper 3.0//EN" "http://mybatis.org/dtd/mybatis-3-mapper.dtd" >
<mapper namespace="org.atsmart.charger.card.mapper.UserInfoMapper" >
  <resultMap id="BaseResultMap" type="org.atsmart.charger.card.model.UserInfo" >
    <!--
      WARNING - @mbggenerated
    -->
    <id column="id" property="id" jdbcType="INTEGER" />
    <result column="username" property="username" jdbcType="VARCHAR" />
    <result column="password" property="password" jdbcType="VARCHAR" />
    <result column="usertype" property="usertype" jdbcType="VARCHAR" />
    <result column="enabled" property="enabled" jdbcType="INTEGER" />
    <result column="realname" property="realname" jdbcType="VARCHAR" />
    <result column="qq" property="qq" jdbcType="VARCHAR" />
    <result column="email" property="email" jdbcType="VARCHAR" />
    <result column="tel" property="tel" jdbcType="VARCHAR" />
  </resultMap>
</mapper>