<?xml version="1.0" encoding="UTF-8"?>
<!DOCTYPE generatorConfiguration
        PUBLIC "-//mybatis.org//DTD MyBatis Generator Configuration 1.0//EN"
        "http://mybatis.org/dtd/mybatis-generator-config_1_0.dtd">
<!--http://git.oschina.net/free/Mapper/blob/master/wiki/mapper3/7.UseMBG.md -->
<!--http://git.oschina.net/free/Mybatis_Utils/blob/master/MybatisGeneator/MybatisGeneator.md -->
<generatorConfiguration>
	<properties resource="config.properties" />

	<context id="Mysql" targetRuntime="MyBatis3Simple"
		defaultModelType="flat">
		<property name="beginningDelimiter" value="`" />
		<property name="endingDelimiter" value="`" />
		<property name="javaFileEncoding" value="UTF-8" />

		<plugin type="${mapper.plugin}">
			<property name="mappers" value="${mapper.Mapper}" />
		</plugin>

		<commentGenerator>
			<property name="suppressAllComments" value="true" />
			<property name="javaFileEncoding" value="UTF-8" />
		</commentGenerator>

		<jdbcConnection driverClass="${jdbc.driverClass}"
			connectionURL="${jdbc.url}" userId="${jdbc.user}" password="${jdbc.password}">
		</jdbcConnection>

		<javaModelGenerator targetPackage="${targetModelPackage}"
			targetProject="${targetJavaProject}" />

		<sqlMapGenerator targetPackage="${targetXMLPackage}"
			targetProject="${targetResourcesProject}" />

		<javaClientGenerator targetPackage="${targetMapperPackage}"
			targetProject="${targetJavaProject}" type="XMLMAPPER" />

		<!-- 这里用的通配符匹配全部的表，另外所有表都有自动增长的id字段。 -->
		<table tableName="%">
			<generatedKey column="id" sqlStatement="Mysql" identity="true" />
		</table>
	</context>
</generatorConfiguration>