<?xml version="1.0" encoding="UTF-8"?>
<beans xmlns="http://www.springframework.org/schema/beans"
	xmlns:xsi="http://www.w3.org/2001/XMLSchema-instance"
	xmlns:tx="http://www.springframework.org/schema/tx" 
	xmlns:cache="http://www.springframework.org/schema/cache" xmlns:p="http://www.springframework.org/schema/p"
	xmlns:jdbc="http://www.springframework.org/schema/jdbc"
	xsi:schemaLocation="
		http://www.springframework.org/schema/beans 
		http://www.springframework.org/schema/beans/spring-beans.xsd
		http://www.springframework.org/schema/mvc 
		http://www.springframework.org/schema/mvc/spring-mvc.xsd
		http://www.springframework.org/schema/context
		http://www.springframework.org/schema/context/spring-context.xsd
		http://www.springframework.org/schema/cache 
		http://www.springframework.org/schema/cache/spring-cache.xsd
		http://www.springframework.org/schema/jdbc 
		http://www.springframework.org/schema/jdbc/spring-jdbc.xsd
		http://www.springframework.org/schema/tx 
		http://www.springframework.org/schema/tx/spring-tx.xsd">

	<!-- Root Context: defines shared resources visible to all other web components -->
	 <!-- 
    <context:annotation-config />  
    <context:component-scan base-package="com.power" />  
     <context:property-placeholder location="classpath*:dataSourceConfig.properties" />  
  
    -->  
    
	<!-- 定义受环境影响易变的变量 -->
	<bean
		class="org.springframework.beans.factory.config.PropertyPlaceholderConfigurer">
		<property name="systemPropertiesModeName" value="SYSTEM_PROPERTIES_MODE_OVERRIDE" />
		<property name="ignoreResourceNotFound" value="true" />
		<property name="locations">
			<list>
				<!-- 标准配置 -->
				<value>classpath*:/application.properties</value>
			</list>
		</property>
	</bean>

	<!-- 数据源配置, 使用 BoneCP 数据库连接池 -->
	<bean id="dataSource" class="com.alibaba.druid.pool.DruidDataSource"
		init-method="init" destroy-method="close">
		<!-- 数据源驱动类可不写，Druid默认会自动根据URL识别DriverClass -->
		<property name="driverClassName" value="com.mysql.jdbc.Driver" />
		<!-- 基本属性 url、user、password -->
		<!-- <property name="url" value="jdbc:mysql://127.0.0.1:3306/test?useUnicode=true&characterEncoding=utf-8" 
			/> -->
		<!-- <property name="username" value="root" /> -->
		<!-- <property name="password" value="root" /> -->

		<property name="url" value="${jdbc.url}" />
		<property name="username" value="${jdbc.username}" />
		<property name="password" value="${jdbc.password}" />

		<!-- 配置初始化大小、最小、最大 -->
		<property name="initialSize" value="3" />
		<property name="minIdle" value="3" />
		<property name="maxActive" value="20" />

		<!-- 配置获取连接等待超时的时间 -->
		<property name="maxWait" value="60000" />

		<!-- 配置间隔多久才进行一次检测，检测需要关闭的空闲连接，单位是毫秒 -->
		<property name="timeBetweenEvictionRunsMillis" value="60000" />

		<!-- 配置一个连接在池中最小生存的时间，单位是毫秒 -->
		<property name="minEvictableIdleTimeMillis" value="300000" />

		<property name="validationQuery" value="SELECT 'x'" />
		<property name="testWhileIdle" value="true" />
		<property name="testOnBorrow" value="false" />
		<property name="testOnReturn" value="false" />

		<!-- 打开PSCache，并且指定每个连接上PSCache的大小（Oracle使用） <property name="poolPreparedStatements" 
			value="true" /> <property name="maxPoolPreparedStatementPerConnectionSize" 
			value="20" /> -->

		<!-- 配置监控统计拦截的filters -->
		<property name="filters" value="log4j" />
		<property name="proxyFilters">
			<list>
				<ref bean="stat-filter" />
			</list>
		</property>
	</bean>
	<bean id="stat-filter" class="com.alibaba.druid.filter.stat.StatFilter">
		<property name="slowSqlMillis" value="10000" />
		<property name="logSlowSql" value="true" />
	</bean>

	<!-- 输出可执行的SQL -->
	<!-- -Ddruid.log.stmt.executableSql=true -->
	<!-- <bean id="log-filter" class="com.alibaba.druid.filter.logging.Log4jFilter"> -->
	<!-- <property name="statementExecutableSqlLogEnable" value="true" /> -->
	<!-- </bean> -->


<!-- ============================dal配置==================================== -->

	<bean id="sqlSessionFactory" class="org.mybatis.spring.SqlSessionFactoryBean">
		<property name="dataSource" ref="dataSource" />
		<property name="mapperLocations" value="classpath*:mapper/*Mapper.xml" />  
		 
<!-- 		<property name="configLocation" value="classpath:mybatis-config.xml" /> -->
	</bean>
 
	<bean name="mapperScannerConfigurer" class="org.mybatis.spring.mapper.MapperScannerConfigurer">
		 
		<property name="basePackage" value="com.company.dao" />
		<property name="sqlSessionFactoryBeanName" value="sqlSessionFactory" />
	</bean>
	 
	<bean id="transactionManager"
		class="org.springframework.jdbc.datasource.DataSourceTransactionManager">
		<property name="dataSource" ref="dataSource" />
	</bean>
 
	  <!-- 事物拦截的包路径
    <aop:config>  
        <aop:advisor pointcut="execution(* com.power.dao.*.*(..))"   
            advice-ref="txAdvice" />  
    </aop:config>  
    <tx:advice id="txAdvice" transaction-manager="transactionManager">  
        <tx:attributes>  
            <tx:method name="get*" read-only="true" />  
            <tx:method name="query*" read-only="true" />  
            <tx:method name="find*" read-only="true" />  
            <tx:method name="load*" read-only="true" />  
            <tx:method name="select*" read-only="true" />  
            <tx:method name="*" propagation="REQUIRED" rollback-for="Exception" />  
        </tx:attributes>  
    </tx:advice>  
     -->  
    <tx:annotation-driven transaction-manager="transactionManager"	proxy-target-class="true" />   
    
    <!-- 创建spring jdbcTemplate-->  
    <bean class="org.springframework.jdbc.core.JdbcTemplate" id="jdbcTemplate">  
        <property name="dataSource" ref="dataSource"></property>  
    </bean>  
	
	<!-- ============================dal配置 end==================================== -->
</beans>
