<?xml version="1.0" encoding="UTF-8" ?>
<!DOCTYPE tiles-definitions PUBLIC
        "-//Apache Software Foundation//DTD Tiles Configuration 3.0//EN"
        "http://tiles.apache.org/dtds/tiles-config_3_0.dtd">
<tiles-definitions>
    <definition name="base.definition" template="/WEB-INF/view/layout.jsp">
        <put-attribute name="title" value="FrameworkOnly | Apache Tiles 3 + Spring 4 MVC"></put-attribute>
        <put-attribute name="header" value=""></put-attribute>
        <put-attribute name="body" value=""></put-attribute>
        <put-attribute name="footer" value="/WEB-INF/view/footer.jsp"></put-attribute>
    </definition>

    <definition name="firstpage" extends="base.definition">
        <put-attribute name="title" value="FrameworkOnly | First Page"></put-attribute>
        <put-attribute name="header" value="/WEB-INF/view/firstheader.jsp"></put-attribute>
        <put-attribute name="body" value="/WEB-INF/view/firstbody.jsp"></put-attribute>
    </definition>

    <definition name="secondpage" extends="base.definition">
        <put-attribute name="title" value="FrameworkOnly | Second Page"></put-attribute>
        <put-attribute name="header" value="/WEB-INF/view/secondheader.jsp"></put-attribute>
        <put-attribute name="body" value="/WEB-INF/view/secondbody.jsp"></put-attribute>
    </definition>

</tiles-definitions>