<!--
  Copyright © 2014 Cask Data, Inc.

  Licensed under the Apache License, Version 2.0 (the "License"); you may not
  use this file except in compliance with the License. You may obtain a copy of
  the License at

  http://www.apache.org/licenses/LICENSE-2.0

  Unless required by applicable law or agreed to in writing, software
  distributed under the License is distributed on an "AS IS" BASIS, WITHOUT
  WARRANTIES OR CONDITIONS OF ANY KIND, either express or implied. See the
  License for the specific language governing permissions and limitations under
  the License.
  -->

<assembly xmlns="http://maven.apache.org/plugins/maven-assembly-plugin/assembly/1.1.2" xmlns:xsi="http://www.w3.org/2001/XMLSchema-instance"
          xsi:schemaLocation="http://maven.apache.org/plugins/maven-assembly-plugin/assembly/1.1.2 http://maven.apache.org/xsd/assembly-1.1.2.xsd">
    <id>sdk-dir</id>
    <formats>
        <format>dir</format>
    </formats>
    <includeBaseDirectory>false</includeBaseDirectory>
    <fileSets>
        <fileSet>
            <directory>${project.build.directory}/config-resources</directory>
            <outputDirectory>opt/${modular-war-deploy.deployableId}/conf</outputDirectory>
        </fileSet>
        <fileSet>
            <directory>src/bin</directory>
            <outputDirectory>opt/${modular-war-deploy.deployableId}/bin</outputDirectory>
        </fileSet>
        <fileSet>
            <directory>${project.build.directory}</directory>
            <includes>
                <include>${modular-war-deploy.deployableId}.war</include>
            </includes>
            <outputDirectory>opt/${modular-war-deploy.deployableId}/lib</outputDirectory>
        </fileSet>
    </fileSets>

</assembly>
