<?xml version="1.0" encoding="UTF-8"?>
<beans xmlns="http://www.springframework.org/schema/beans"
       xmlns:util="http://www.springframework.org/schema/util"
       xmlns:xsi="http://www.w3.org/2001/XMLSchema-instance"
       xsi:schemaLocation="
       http://www.springframework.org/schema/beans http://www.springframework.org/schema/beans/spring-beans.xsd
       http://www.springframework.org/schema/util http://www.springframework.org/schema/util/spring-util.xsd">

    <!-- 缓存管理器 使用Ehcache实现 -->
    <bean id="cacheManager" class="org.apache.shiro.cache.ehcache.EhCacheManager">
        <property name="cacheManagerConfigFile" value="classpath:ehcache.xml"/>
    </bean>

    <!-- 凭证匹配器 -->
    <bean id="credentialsMatcher" class="com.github.zhangkaitao.shiro.chapter12.credentials.RetryLimitHashedCredentialsMatcher">
        <constructor-arg ref="cacheManager"/>
        <property name="hashAlgorithmName" value="md5"/>
        <property name="hashIterations" value="2"/>
        <property name="storedCredentialsHexEncoded" value="true"/>
    </bean>

    <!-- Realm实现 -->
    <bean id="userRealm" class="com.github.zhangkaitao.shiro.chapter12.realm.UserRealm">
        <property name="userService" ref="userService"/>
        <property name="credentialsMatcher" ref="credentialsMatcher"/>
        <property name="cachingEnabled" value="true"/>
        <property name="authenticationCachingEnabled" value="true"/>
        <property name="authenticationCacheName" value="authenticationCache"/>
        <property name="authorizationCachingEnabled" value="true"/>
        <property name="authorizationCacheName" value="authorizationCache"/>
    </bean>
    
<!--     <bean id="jdbc_realm" class="org.apache.shiro.realm.jdbc.JdbcRealm"> -->
<!--         <property name="dataSource" ref="dataSource"/> -->
<!--         登录时查询的SQL -->
<!--         <property name="authenticationQuery" value="select password, salt from user where username = ?"/> -->
<!--         角色授权查询的SQL：根据用户名查询角色 -->
<!--         <property name="userRolesQuery" value="select role_code from ***** where username = ?"/> -->
<!--         权限资源授权查询的SQL：根据角色CODE查询资源 -->
<!--         <property name="permissionsQuery" value="select resource_code from ***** where role_code = ?"/> -->
<!--         permissionsLookupEnabled：默认false。False时不会使用permissionsQuery的SQL去查询权限资源 -->
<!--         <property name="permissionsLookupEnabled" value=""/> -->
<!--         <property name="saltStyle" value="COLUMN"/> -->
<!--         <property name="credentialsMatcher" ref="hashedCredentialsMatcher"/> -->
<!--     </bean> -->
<!--    <bean id="hashedCredentialsMatcher" class="org.apache.shiro.authc.credential.HashedCredentialsMatcher"> -->
<!--         <property name="hashAlgorithmName" value="MD5"/> -->
<!--         <property name="storedCredentialsHexEncoded" value="true"/> -->
<!--         <property name="hashIterations" value="1024"/> -->
<!--     </bean> -->

   
    <!-- 会话ID生成器 -->
    <bean id="sessionIdGenerator" class="org.apache.shiro.session.mgt.eis.JavaUuidSessionIdGenerator"/>

    <!-- 会话Cookie模板 -->
    <bean id="sessionIdCookie" class="org.apache.shiro.web.servlet.SimpleCookie">
        <constructor-arg value="sid"/>
        <property name="httpOnly" value="true"/>
        <property name="maxAge" value="180000"/>
        <!-- sessionIdCookie：maxAge=-1 表示浏览器关闭时失效此 Cookie； -->
    </bean>
    
    <bean id="rememberMeCookie" class="org.apache.shiro.web.servlet.SimpleCookie">
        <constructor-arg value="rememberMe"/>
        <property name="httpOnly" value="true"/>
        <property name="maxAge" value="2592000"/>
        <!--30 天，rememberMeCookie即记住我的 Cookie，保存时长 30 天； -->
    </bean>
    <!-- rememberMe 管理器  可选组件-->
    <bean id="rememberMeManager" class="org.apache.shiro.web.mgt.CookieRememberMeManager">
        <!-- cipherKey 是加密 rememberMe Cookie 的密钥；默认 AES 算法 -->
        <property name="cipherKey" value="#{T(org.apache.shiro.codec.Base64).decode('4AvVhmFLUs0KTA3Kprsdag==' )}"/>
        <property name="cookie" ref="rememberMeCookie"/>
    </bean>  

    <!-- 会话DAO -->
<!-- 在集群使用shiro的时候，需要session信息共享才能在各个机器之间同步用户session信息 -->
<!-- shiro对session信息的读写是通过DefaultWebSessionManager类中继承自DefaultSessionManager的sessionDAO实现的， -->
<!-- 我们可以把信息存储到一个集群机器都能读取到的地方即可，比如把session的信息存储到redis里，或者存放到数据库 -->
    <bean id="sessionDAO" class="org.apache.shiro.session.mgt.eis.EnterpriseCacheSessionDAO">
        <property name="activeSessionsCacheName" value="shiro-activeSessionCache"/>
        <property name="sessionIdGenerator" ref="sessionIdGenerator"/>
    </bean>

    <!-- 会话验证调度器 -->
    <bean id="sessionValidationScheduler" class="org.apache.shiro.session.mgt.quartz.QuartzSessionValidationScheduler">
        <property name="sessionValidationInterval" value="1800000"/>
        <property name="sessionManager" ref="sessionManager"/>
    </bean>

    <!-- 会话管理器 -->
    <bean id="sessionManager" class="org.apache.shiro.web.session.mgt.DefaultWebSessionManager">
        <property name="globalSessionTimeout" value="1800000"/>
        <property name="deleteInvalidSessions" value="true"/>
        <property name="sessionValidationSchedulerEnabled" value="true"/>
        <property name="sessionValidationScheduler" ref="sessionValidationScheduler"/>
        <property name="sessionDAO" ref="sessionDAO"/>
        <property name="sessionIdCookieEnabled" value="true"/>
        <property name="sessionIdCookie" ref="sessionIdCookie"/>
    </bean>

    <!-- 安全管理器 -->
    <bean id="securityManager" class="org.apache.shiro.web.mgt.DefaultWebSecurityManager">
        <property name="realm" ref="userRealm"/>
        <property name="sessionManager" ref="sessionManager"/>
<!--     在集群使用shiro的时候，不仅需要对session进行共享，还需要对用户的认证信息缓存进行共享。对认证信息的共享与session共享方法类似，把信息存储到一个集群机器都能读取到的地方即可。 -->
        <property name="cacheManager" ref="cacheManager"/>
        
         <!-- 可选功能   设置 securityManager 安全管理器的 rememberMeManager -->
        <property name="rememberMeManager" ref="rememberMeManager"/>
    </bean>

    <!-- 相当于调用SecurityUtils.setSecurityManager(securityManager) -->
    <bean class="org.springframework.beans.factory.config.MethodInvokingFactoryBean">
        <property name="staticMethod" value="org.apache.shiro.SecurityUtils.setSecurityManager"/>
        <property name="arguments" ref="securityManager"/>
    </bean>

    <!-- 基于Form表单的身份验证过滤器 -->
    <bean id="formAuthenticationFilter" class="org.apache.shiro.web.filter.authc.FormAuthenticationFilter">
        <property name="usernameParam" value="username"/>
        <property name="passwordParam" value="password"/>
        <property name="loginUrl" value="/login.jsp"/>
    </bean>

    <!-- Shiro的Web过滤器 -->
    <bean id="shiroFilter" class="org.apache.shiro.spring.web.ShiroFilterFactoryBean">
        <property name="securityManager" ref="securityManager"/>
        <property name="loginUrl" value="/login.jsp"/>
        <property name="unauthorizedUrl" value="/unauthorized.jsp"/>
        <property name="filters">
            <util:map>
                <entry key="authc" value-ref="formAuthenticationFilter"/>
            </util:map>
        </property>
        <property name="filterChainDefinitions">
            <value>
                /index.jsp = anon
                /unauthorized.jsp = anon
                /login.jsp = authc
                /logout = logout
                /** = user
            </value>
        </property>
    </bean>

    <!-- Shiro生命周期处理器-->
    <bean id="lifecycleBeanPostProcessor" class="org.apache.shiro.spring.LifecycleBeanPostProcessor"/>

</beans>