<?xml version="1.0" encoding="UTF-8"?>
<beans xmlns="http://www.springframework.org/schema/beans"
	xmlns:xsi="http://www.w3.org/2001/XMLSchema-instance" xmlns:context="http://www.springframework.org/schema/context"
	xsi:schemaLocation="http://www.springframework.org/schema/beans http://www.springframework.org/schema/beans/spring-beans.xsd
	       http://www.springframework.org/schema/context  http://www.springframework.org/schema/context/spring-context.xsd">

	<context:property-placeholder location="classpath:config.properties" />
	<!-- 数据库连接池 -->
	<bean id="shiroDataSource" class="com.alibaba.druid.pool.DruidDataSource">
		<property name="driverClassName" value="${jdbc.driverClass}" />
		<property name="url" value="${shiro.url}" />
		<property name="username" value="${jdbc.user}" />
		<property name="password" value="${jdbc.password}" />
	</bean>

	<!-- Base DAO -->
	<bean id="baseDao" abstract="true">
		<property name="dataSource" ref="shiroDataSource" />
	</bean>

	<!-- DAO -->
	<bean id="permissionDao" class="org.atsmart.charger.acl.dao.PermissionDaoImpl"
		parent="baseDao" />
	<bean id="roleDao" class="org.atsmart.charger.acl.dao.RoleDaoImpl"
		parent="baseDao" />
	<bean id="userDao" class="org.atsmart.charger.acl.dao.UserDaoImpl"
		parent="baseDao" />

	<!-- Service -->
	<bean id="permissionService" class="org.atsmart.charger.acl.service.PermissionServiceImpl">
		<property name="permissionDao" ref="permissionDao" />
	</bean>

	<bean id="roleService" class="org.atsmart.charger.acl.service.RoleServiceImpl">
		<property name="roleDao" ref="roleDao" />
	</bean>

	<bean id="passwordHelper" class="org.atsmart.charger.acl.service.PasswordHelper">
		<property name="algorithmName" value="md5" />
		<property name="hashIterations" value="2" />
	</bean>

	<bean id="userService" class="org.atsmart.charger.acl.service.UserServiceImpl">
		<property name="userDao" ref="userDao" />
		<property name="passwordHelper" ref="passwordHelper" />
	</bean>


</beans>