<?xml version="1.0" encoding="UTF-8"?>
<project xmlns="http://maven.apache.org/DECORATION/1.0.0" xmlns:xsi="http://www.w3.org/2001/XMLSchema-instance"
	xsi:schemaLocation="http://maven.apache.org/DECORATION/1.0.0 http://maven.apache.org/xsd/decoration-1.0.0.xsd">
	<skin>
		<groupId>org.apache.maven.skins</groupId>
		<artifactId>maven-default-skin</artifactId>
		<version>1.1</version>
	</skin>

	<poweredBy>
		<logo name="Maven" href="http://maven.apache.org/" img="http://maven.apache.org/images/logos/maven-feather.png" />
	</poweredBy>

	<publishDate position="left" format="dd MMM yyyy" />
	<version position="right" />

	<body>
		<links>
			<item name="${acme-corporate-pom.organizationName}" href="${acme-corporate-pom.organizationUrl}" />
		</links>

		<menu ref="reports" inherit="bottom" />
		
		<menu name="Links" inherit="bottom">
			<item name="Sonar" href="${acme-corporate-pom.sonarUrl}" />
		</menu>
	</body>
</project>