<?xml version="1.0" encoding="UTF-8"?>
<beans xmlns="http://www.springframework.org/schema/beans"
	xmlns:xsi="http://www.w3.org/2001/XMLSchema-instance" xmlns:context="http://www.springframework.org/schema/context"
	xmlns:tx="http://www.springframework.org/schema/tx" xmlns:p="http://www.springframework.org/schema/p"
	xmlns:hdp="http://www.springframework.org/schema/hadoop"
	xsi:schemaLocation="http://www.springframework.org/schema/beans
	http://www.springframework.org/schema/beans/spring-beans.xsd
	http://www.springframework.org/schema/tx
	http://www.springframework.org/schema/tx/spring-tx.xsd
	http://www.springframework.org/schema/context
	http://www.springframework.org/schema/context/spring-context.xsd
	http://www.springframework.org/schema/hadoop
    http://www.springframework.org/schema/hadoop/spring-hadoop.xsd">

<!--        <context:component-scan base-package="com.atsmart.service.charger.data.dao.impl" /> -->
    
	<bean
		class="org.springframework.beans.factory.config.PropertyPlaceholderConfigurer">
		<property name="location">
			<value>classpath:data-layer.properties</value>
		</property>
		<property name="fileEncoding">
			<value>utf-8</value>
		</property>
		<property name="ignoreResourceNotFound">
			<value>true</value>
		</property>
		<property name="ignoreUnresolvablePlaceholders">
			<value>true</value>
		</property>
	</bean>



     <!-- Declare a transaction manager -->
    <bean id="transactionManager"
          class="org.springframework.jdbc.datasource.DataSourceTransactionManager"
          p:dataSource-ref="proxoolDataSource" />

    <!-- Enable annotation style of managing transactions -->
    <tx:annotation-driven transaction-manager="transactionManager" />

    <!-- define the SqlSessionFactory, notice that configLocation is not needed when you use MapperFactoryBean -->
    <bean id="sqlSessionFactory" class="org.mybatis.spring.SqlSessionFactoryBean">
        <property name="dataSource" ref="proxoolDataSource" />
<!--         <property name="configLocation" value="classpath:sqlmap-config.xml" /> -->
        <property name="mapperLocations" value="classpath:mapper/*.xml" />
 
        <property name="plugins">
           <array>
               <bean class="com.github.pagehelper.PageHelper">    
                   <property name="properties">
                       <value>
                           dialect=mysql
                           reasonable=true
                           supportMethodsArguments=true
                           rowBoundsWithCount=false
                       </value>
                   </property>
               </bean>
           </array>
       </property>    
    </bean>

    <!-- scan for mappers and let them be autowired -->
   <!--  <bean class="tk.mybatis.spring.mapper.MapperScannerConfigurer">  -->
   <bean class="org.mybatis.spring.mapper.MapperScannerConfigurer">   
        <property name="basePackage" value="com.atsmart.music.mapper" />
    </bean>

    <!--<bean id="dataSource" class="org.apache.commons.dbcp.BasicDataSource" destroy-method="close">
        <property name="driverClassName" value="${jdbc.driverClassName}"/>
        <property name="url" value="${jdbc.url}"/>
        <property name="username" value="${jdbc.username}"/>
        <property name="password" value="${jdbc.password}"/>
    </bean>-->

    <bean id="proxoolDataSource" class="org.logicalcobwebs.proxool.ProxoolDataSource">
        <property name="driver" value="${jdbc.driverClassName}"/>
        <property name="driverUrl" value="${jdbc.url}"/>
        <property name="user" value="${jdbc.username}"/>
        <property name="password" value="${jdbc.password}"/>
        <!-- 最小连接数 （默认2个） -->
        <property name="minimumConnectionCount" value="${proxool.minimumConnectionCount}"/>
        <!-- 最大连接数 （默认5个） -->
        <property name="maximumConnectionCount" value="${proxool.maximumConnectionCount}"/>
        <!-- 别名 -->
        <property name="alias" value="${proxool.alias}"/>
        
		<!--proxool自动侦察各个连接状态的时间间隔(毫秒)，默认30秒：house keeper 的职责就是检查各个连接的状态,并判断是否需要销毁或者创建. --> 
    	<property name="houseKeepingSleepTime" value="${proxool.houseKeepingSleepTime}" />
    	<!--用于保持连接的测试语句 --> 
    	<property name="houseKeepingTestSql" value="${proxool.houseKeepingTestSql}" />
    	
    	<!--最少保持的空闲连接数(默认2个)：连接池中可用的连接数量.如果当前的连接池中的连接少于这个数值.新的连接将被建立。--> 
    	<property name="prototypeCount" value="${proxool.prototypeCount}" />
    	 <!-- 是指在任一时刻，可以（同时）建立的最大连接数，也就是说，就是已经请求的、但还没可用的新连接数量： 这是我们可一次建立的最大连接数。那就是新增的连接请求,但还没有可供使用的连接。由于连接可以使用多线程,在有限的时间之间建立联系从而带来可用连接，但是我们需要通过一些方式确认一些线程并不是立即响应连接请求的，默认是10。--> 
    	<property name="simultaneousBuildThrottle" value="${proxool.simultaneousBuildThrottle}" />
    	
    	<!--连接最大生存时间：这里设置为4小时--> 
    	<property name="maximumConnectionLifetime" value="${proxool.maximumConnectionLifetime}" />
    	
    </bean>
</beans>