<?xml version="1.0" encoding="UTF-8"?>
<beans xmlns="http://www.springframework.org/schema/beans"
	xmlns:xsi="http://www.w3.org/2001/XMLSchema-instance"
	xsi:schemaLocation="http://www.springframework.org/schema/beans http://www.springframework.org/schema/beans/spring-beans.xsd">
	
	<bean id="quartzScheduler"
		class="org.springframework.scheduling.quartz.SchedulerFactoryBean">
		<property name="jobFactory">
			<bean class="org.springframework.scheduling.quartz.SpringBeanJobFactory" />
		</property>
		<property name="autoStartup" value="true" />
		<property name="triggers">
			<list>
				<ref bean="testTrigger" />
			</list>
		</property>
	</bean>
	<bean id="testTrigger"
		class="org.springframework.scheduling.quartz.CronTriggerFactoryBean">
		<property name="cronExpression" value="0/10 * * * * ?" />
		<property name="jobDetail" ref="testJobDetail" />
	</bean>

	<bean id="testJobDetail"
		class="org.springframework.scheduling.quartz.MethodInvokingJobDetailFactoryBean">
		<property name="targetObject" ref="testJob" />
		<property name="targetMethod" value="execute" />
		<property name="concurrent" value="false" />
	</bean>

	<bean id="testJob" class="com.atsmart.music.job.SimpleJobSample" />
</beans>