<?xml version="1.0" encoding="UTF-8"?>
<beans xmlns="http://www.springframework.org/schema/beans"
	xmlns:xsi="http://www.w3.org/2001/XMLSchema-instance" xmlns:context="http://www.springframework.org/schema/context"
	xmlns:tx="http://www.springframework.org/schema/tx" xmlns:p="http://www.springframework.org/schema/p"
	xmlns:jpa="http://www.springframework.org/schema/data/jpa" xmlns:hdp="http://www.springframework.org/schema/hadoop"
	xsi:schemaLocation="http://www.springframework.org/schema/beans
	http://www.springframework.org/schema/beans/spring-beans.xsd
	http://www.springframework.org/schema/tx
	http://www.springframework.org/schema/tx/spring-tx.xsd
	http://www.springframework.org/schema/context
	http://www.springframework.org/schema/context/spring-context.xsd
	http://www.springframework.org/schema/hadoop
    http://www.springframework.org/schema/hadoop/spring-hadoop.xsd
    http://www.springframework.org/schema/data/jpa http://www.springframework.org/schema/data/jpa/spring-jpa.xsd">

	<!-- <context:component-scan base-package="com.atsmart.music.jpa" /> -->

	<bean
		class="org.springframework.beans.factory.config.PropertyPlaceholderConfigurer">
		<property name="location">
			<value>classpath:data-layer.properties</value>
		</property>
		<property name="fileEncoding">
			<value>utf-8</value>
		</property>
		<property name="ignoreResourceNotFound">
			<value>true</value>
		</property>
		<property name="ignoreUnresolvablePlaceholders">
			<value>true</value>
		</property>
	</bean>

	<bean id="dataSource" class="com.alibaba.druid.pool.DruidDataSource"
		init-method="init" destroy-method="close">
		<!-- 基本属性 url、user、password -->

		<property name="url" value="${jdbc.url}" />
		<property name="username" value="${jdbc.username}" />
		<property name="password" value="${jdbc.password}" />
		<!-- 配置初始化大小、最小、最大 -->
		<property name="initialSize" value="5" />
		<property name="minIdle" value="5" />
		<property name="maxActive" value="50" />
		<!-- 配置获取连接等待超时的时间 -->
		<property name="maxWait" value="60000" />
		<!-- 配置间隔多久才进行一次检测，检测需要关闭的空闲连接，单位是毫秒 -->
		<property name="timeBetweenEvictionRunsMillis" value="60000" />
		<!-- 配置一个连接在池中最小生存的时间，单位是毫秒 -->
		<property name="minEvictableIdleTimeMillis" value="300000" />
		<property name="validationQuery" value="SELECT 'x'" />
		<property name="testWhileIdle" value="true" />
		<property name="testOnBorrow" value="false" />
		<property name="testOnReturn" value="false" />
		<!-- 打开removeAbandoned功能 -->
		<property name="removeAbandoned" value="true" />
		<property name="removeAbandonedTimeout" value="1800" />
		<property name="logAbandoned" value="true" />
		<!-- 打开PSCache，并且指定每个连接上PSCache的大小,mysql 不使用 -->
		<property name="poolPreparedStatements" value="false" />
		<!-- 配置监控统计拦截的filters -->
		<property name="filters" value="stat" />
		<!-- 慢查询sql打印 -->
		<property name="connectionProperties"
			value="druid.stat.slowSqlMillis=200;druid.stat.logSlowSql=true" />
	</bean>

 	<!-- 自动搜索providerClass，也可指定org.hibernate.validator.HibernateValidator ，需提供资源文件classpath:ValidationMessages.properties -->
<!-- 	<bean id="validator" -->
<!-- 		class="org.springframework.validation.beanvalidation.LocalValidatorFactoryBean" /> -->
	
	<!-- 自动寻找Repository接口并提供实现类以支持@Autowired注入，包名支持通配符，repository-impl-postfix="impl" -->
	<jpa:repositories base-package="com.atsmart.music.jpa" />

	<!-- JPA实体管理器工厂 -->
	<bean id="entityManagerFactory"
		class="org.springframework.orm.jpa.LocalContainerEntityManagerFactoryBean">
		<property name="packagesToScan" value="com.atsmart.music.domain" />

		<property name="dataSource" ref="dataSource" />
		<property name="persistenceProvider" ref="persistenceProvider" />
		<property name="jpaVendorAdapter" ref="jpaVendorAdapter" />
		<property name="jpaDialect" ref="jpaDialect" />

		<property name="jpaProperties">
			<props>
				<prop key="hibernate.dialect">org.hibernate.dialect.MySQL5Dialect</prop>
				<prop key="hibernate.connection.driver_class">com.mysql.jdbc.Driver</prop>
				<prop key="hibernate.max_fetch_depth">3</prop>
				<prop key="hibernate.jdbc.fetch_size">18</prop>
				<prop key="hibernate.jdbc.batch_size">10</prop>
				<prop key="hibernate.hbm2ddl.auto">update</prop>
				<prop key="hibernate.show_sql">true</prop>
				<prop key="hibernate.format_sql">true</prop>
				<prop key="javax.persistence.validation.mode">none</prop>
			</props>
		</property>
	</bean>

	<!-- proxy-target-class为true时@Transactional需要注解实现类的方法，而false则使用java的基于接口的代理 -->
	<tx:annotation-driven proxy-target-class="true" />

	<!-- 自动搜索providerClass，也可指定org.hibernate.validator.HibernateValidator ，需提供资源文件classpath:ValidationMessages.properties -->
	<bean id="validator"
		class="org.springframework.validation.beanvalidation.LocalValidatorFactoryBean" />

	<!-- 用于指定持久化实现厂商类 -->
	<bean id="persistenceProvider" class="org.hibernate.ejb.HibernatePersistence" />

	<!-- 用于设置JPA实现厂商的特定属性 -->
	<bean id="jpaVendorAdapter"
		class="org.springframework.orm.jpa.vendor.HibernateJpaVendorAdapter">
		<property name="database" value="MYSQL" />
	</bean>

	<!-- 用于指定一些高级特性 -->
	<bean id="jpaDialect" class="org.springframework.orm.jpa.vendor.HibernateJpaDialect" />

	<!-- 事务管理器 -->
	<bean id="transactionManager" class="org.springframework.orm.jpa.JpaTransactionManager">
		<property name="entityManagerFactory" ref="entityManagerFactory" />
	</bean>

	<!-- 注解式事务 -->
	<tx:annotation-driven transaction-manager="transactionManager" />
	
	<!--spring文件上传 
	<bean id="multipartResolver"
		class="org.springframework.web.multipart.commons.CommonsMultipartResolver">
		<property name="defaultEncoding" value="utf-8"></property>
		<property name="maxUploadSize" value="204800" />
	</bean>-->
	
	<!-- 定时器注解支持
	<task:annotation-driven />
	 
	<bean id="taskExecutor"
		class="org.springframework.scheduling.concurrent.ThreadPoolTaskExecutor">
		<property name="corePoolSize" value="2" />
		<property name="maxPoolSize" value="5" />
		<property name="queueCapacity" value="6" />
		<property name="keepAliveSeconds" value="2000" />
		<property name="rejectedExecutionHandler">
			<bean class="java.util.concurrent.ThreadPoolExecutor$AbortPolicy" />
		</property>
	</bean>
	 -->
	<!-- 配置redis线程池 -->
	<bean id="jedisPoolConfig" class="redis.clients.jedis.JedisPoolConfig">
        <property name="maxTotal" value="${redis.pool.maxactive}" />
        <property name="maxIdle" value="${redis.pool.maxidle}" />
        <property name="maxWaitMillis" value="${redis.pool.maxwait}" />
        <property name="testOnBorrow" value="${redis.pool.testonborrow}" />
    </bean>

    <bean id="jedisConnectionFactory"
          class="org.springframework.data.redis.connection.jedis.JedisConnectionFactory">
        <property name="poolConfig" ref="jedisPoolConfig" />
        <property name="hostName" value="${redis.host.name}" />
        <property name="port" value="${redis.port}" />
        <property name="timeout" value="${redis.timeout}" />
        <property name="password" value="${redis.passowrd}" />
        <property name="database" value="${redis.frequency.database}" />
    </bean>
   
    <bean id="redisTemplate"
          class="org.springframework.data.redis.core.RedisTemplate"
          p:connectionFactory-ref="jedisConnectionFactory">
        <qualifier value="redisTemplate" />
        <property name="KeySerializer">
            <bean class="org.springframework.data.redis.serializer.StringRedisSerializer"></bean>
        </property>
        <property name="ValueSerializer">
            <bean class="org.springframework.data.redis.serializer.StringRedisSerializer"></bean>
        </property>
        <property name="HashKeySerializer">
            <bean class="org.springframework.data.redis.serializer.StringRedisSerializer"></bean>
        </property>
        <property name="HashValueSerializer">
            <bean class="org.springframework.data.redis.serializer.StringRedisSerializer"></bean>
        </property>
    </bean>

    
</beans>