<?xml version="1.0" encoding="UTF-8"?>
<!DOCTYPE configuration
PUBLIC "-//mybatis.org//DTD Config 3.0//EN"
"http://mybatis.org/dtd/mybatis-3-config.dtd">

<configuration>
    <settings>
        <setting name="lazyLoadingEnabled" value="false" />
        <setting name="logImpl" value="LOG4J"/>
        <setting name="cacheEnabled" value="true"/>
        <setting name="multipleResultSetsEnabled" value="true"/>
        <setting name="defaultStatementTimeout" value="30"/>
        <setting name="localCacheScope" value="SESSION"/>
    </settings>
</configuration>