<?xml version="1.0" encoding="UTF-8"?>

<beans xmlns="http://www.springframework.org/schema/beans"
	   xmlns:xsi="http://www.w3.org/2001/XMLSchema-instance" xmlns:context="http://www.springframework.org/schema/context"
	   xmlns:mvc="http://www.springframework.org/schema/mvc" xmlns:aop="http://www.springframework.org/schema/aop"
	   xmlns:task="http://www.springframework.org/schema/task"
	   xsi:schemaLocation="http://www.springframework.org/schema/beans
       http://www.springframework.org/schema/beans/spring-beans.xsd
       http://www.springframework.org/schema/mvc
       http://www.springframework.org/schema/mvc/spring-mvc.xsd
       http://www.springframework.org/schema/aop
       http://www.springframework.org/schema/aop/spring-aop.xsd
       http://www.springframework.org/schema/task
       http://www.springframework.org/schema/task/spring-task.xsd
       http://www.springframework.org/schema/context
       http://www.springframework.org/schema/context/spring-context.xsd">

	<!-- ========================= Import Tiles-related configuration ========================= -->
	<import resource="tiles-template.xml" />

	<context:component-scan base-package="org.atsmart.charger.web" />
	<mvc:annotation-driven  content-negotiation-manager="contentNegotiationManager">
		<!-- 配置超时时间 -->
		<mvc:async-support default-timeout="3000">
			<!-- 这里可以配置callable或者deferred-result拦截器 -->
		</mvc:async-support>

		<mvc:message-converters register-defaults="true">
			<ref bean="stringHttpMessageConverter" />
			<ref bean="mappingJackson2HttpMessageConverter" />
			<!--<ref bean="marshallingHttpMessageConverter"/> -->
		</mvc:message-converters>
	</mvc:annotation-driven>

	<bean id="stringHttpMessageConverter"
		  class="org.springframework.http.converter.StringHttpMessageConverter">
		<constructor-arg value="UTF-8" />
		<property name="supportedMediaTypes">
			<list>
				<value>text/plain;charset=UTF-8</value>
				<value>text/html;charset=UTF-8</value>
			</list>
		</property>
	</bean>

	<bean id="mappingJackson2HttpMessageConverter"
		  class="org.springframework.http.converter.json.MappingJackson2HttpMessageConverter">
		<property name="supportedMediaTypes">
			<list>
				<value>application/json;charset=UTF-8</value>
				<value>text/html;charset=UTF-8</value>
				<value>text/plain;charset=UTF-8</value>
				<value>text/xml;charset=UTF-8</value>
				<value>application/xml;charset=UTF-8</value>
			</list>
		</property>
	</bean>

	<!-- 	<mvc:view-controller path="/" view-name="index" /> -->

	<!-- 配置资源过滤 -->
	<!--<mvc:resources mapping="/css/**" location="/static/css/"/>-->
	<!--<mvc:resources mapping="/images/**" location="/static/images/"/>-->
	<!--<mvc:resources mapping="/js/**" location="/static/js/"/>-->
	<mvc:default-servlet-handler />	<!--所使用的Web服务器默认使用的Servlet名称" Tomcat, Jetty, JBoss, and GlassFish默认名称为default-->

	<bean  id="contentNegotiationManager"
			class="org.springframework.web.accept.ContentNegotiationManagerFactoryBean">
		<property name="defaultContentType" value="text/html" />
		<property name="ignoreAcceptHeader" value="true" />
		<property name="favorPathExtension" value="true" />
		<property name="favorParameter" value="false" />
		<property name="mediaTypes">
			<map>
				<entry key="json" value="application/json" />
				<entry key="xml" value="application/xml" />
				<entry key="html" value="text/html" />
			</map>
		</property>
	</bean>

	<!--内容协商 -->
	<bean  id="contentNegotiatingResolver"
			class="org.springframework.web.servlet.view.ContentNegotiatingViewResolver">
		<property name="order"  value="0" />
		<!--<property name="order"  value="#{T(org.springframework.core.Ordered).HIGHEST_PRECEDENCE}" />-->
		<property name="contentNegotiationManager" ref="contentNegotiationManager"></property>

		<!--<property name="viewResolvers">-->
			<!--<list>-->
				<!--<bean  id="jspResolver"-->
						<!--class="org.springframework.web.servlet.view.InternalResourceViewResolver">-->
					<!--<property name="prefix" value="/WEB-INF/view/" />-->
					<!--<property name="suffix" value=".jsp" />-->
				<!--</bean>-->
			<!--</list>-->
		<!--</property>-->
		<property name="defaultViews">
			<list>
				<bean class="org.springframework.web.servlet.view.json.MappingJackson2JsonView" />
				<!--<bean class="com.alibaba.fastjson.support.spring.FastJsonJsonView" />-->
			</list>
		</property>
	</bean>

	<bean  id="jspResolver"
		   class="org.springframework.web.servlet.view.InternalResourceViewResolver">
		<property name="prefix" value="/WEB-INF/view/" />
		<property name="suffix" value=".jsp" />
		<property name="order"  value="#{contentNegotiatingResolver.order+100}" />
	</bean>

	<!--国际化 -->
	<bean id="messageSource"
		  class="org.springframework.context.support.ResourceBundleMessageSource">
		<property name="defaultEncoding" value="UTF-8" />
		<property name="basenames">
			<list>
				<value>messages.welcome</value>
			</list>
		</property>
	</bean>

	<bean id="localeResolver" class="org.springframework.web.servlet.i18n.CookieLocaleResolver" >
		<property name="cookieName" value="preferredLanguage"/>
		<property name="defaultLocale" value="en_US" />
		<property name="cookieMaxAge" value="604800"/>
	</bean>

	<mvc:interceptors>
		<!-- Changes the locale when a 'lang' request parameter is sent; e.g. /?lang=de -->
		<mvc:interceptor>
			<mvc:mapping path="/**" />
			<mvc:exclude-mapping path="/css/**" />
			<mvc:exclude-mapping path="/js/**" />
			<mvc:exclude-mapping path="/images/**" />
			<bean class="org.springframework.web.servlet.i18n.LocaleChangeInterceptor">
				<property name="paramName" value="lang"/>
			</bean>
		</mvc:interceptor>
	</mvc:interceptors>

	<!--文件上传 -->
	<bean id="multipartResolver"
		  class="org.springframework.web.multipart.commons.CommonsMultipartResolver">
		<property name="maxUploadSize" value="100000" />
	</bean>

	<!--<bean id="threadPool" class="org.springframework.scheduling.concurrent.ThreadPoolExecutorFactoryBean">-->
		<!--<property name="corePoolSize" value="50"/>-->
		<!--<property name="maxPoolSize" value="200"/>-->
		<!--<property name="queueCapacity" value="5000"/>-->
	<!--</bean>-->

	<!--开启这个配置，spring才能识别@Scheduled注解
	<task:annotation-driven/> -->

	<aop:config proxy-target-class="true"></aop:config>
	<!-- AOP式方法级权限检查 -->
	<bean class="org.apache.shiro.spring.security.interceptor.AuthorizationAttributeSourceAdvisor">
		<property name="securityManager" ref="securityManager"/>
	</bean>
</beans>