<?xml version="1.0" encoding="UTF-8"?>
<beans xmlns="http://www.springframework.org/schema/beans"
       xmlns:xsi="http://www.w3.org/2001/XMLSchema-instance"
       xmlns:context="http://www.springframework.org/schema/context"
       xsi:schemaLocation="http://www.springframework.org/schema/beans http://www.springframework.org/schema/beans/spring-beans.xsd
        http://www.springframework.org/schema/context
       http://www.springframework.org/schema/context/spring-context.xsd">

    <context:property-placeholder location="classpath:config.properties"/>

    <!-- shiro redisManager -->
    <bean id="redisManager" class="org.crazycake.shiro.RedisManager">  <!-- fix it return broker -->
        <property name="host" value="127.0.0.1"/>
        <property name="port" value="6379"/>
        <property name="expire" value="1800"/>
        <!-- optional properties:
        <property name="timeout" value="10000"/>
        <property name="password" value="123456"/>
        -->
    </bean>

    <!-- redisSessionDAO -->
    <bean id="sessionDAO" class="org.crazycake.shiro.RedisSessionDAO">
        <property name="redisManager" ref="redisManager" />
    </bean>

    <!-- cacheManager -->
    <bean id="cacheManager" class="org.crazycake.shiro.RedisCacheManager">
        <property name="redisManager" ref="redisManager" />
    </bean>

    <!-- sessionManager -->
    <!--<bean id="sessionManager" class="org.apache.shiro.web.session.mgt.DefaultWebSessionManager">-->
        <!--<property name="sessionDAO" ref="sessionDAO" />-->
    <!--</bean>-->

</beans>