<?xml version="1.0" encoding="UTF-8"?>
<beans xmlns="http://www.springframework.org/schema/beans"
	xmlns:xsi="http://www.w3.org/2001/XMLSchema-instance"
	xsi:schemaLocation="
		http://www.springframework.org/schema/beans 
		http://www.springframework.org/schema/beans/spring-beans.xsd">


   <bean id="tilesViewResolver"    class="org.springframework.web.servlet.view.UrlBasedViewResolver">
        <property name="viewClass" value="org.springframework.web.servlet.view.tiles3.TilesView" />
        <!--<property name="order" value="#{contentNegotiatingResolver.order+1}" />-->
       <property name="order"  value="#{T(org.springframework.core.Ordered).HIGHEST_PRECEDENCE}" />
    </bean>


            
	<!-- Helper class to configure Tiles 2.x for the Spring Framework -->
	<!-- See http://static.springsource.org/spring/docs/3.0.x/javadoc-api/org/springframework/web/servlet/view/tiles2/TilesConfigurer.html -->
	<!-- The actual tiles templates are in the tiles-definitions.xml  -->
	
	<bean id="tilesConfigurer" class="org.springframework.web.servlet.view.tiles3.TilesConfigurer">	
		<property name="definitions">		
			<list>
				<!--<value>/WEB-INF/tile-defs/templates.xml</value>-->
				<value>/WEB-INF/tiles/definitions.xml</value>
			</list>		
		</property>	
	</bean>
	
</beans>