<?xml version="1.0" encoding="UTF-8"?>
<metadata modelVersion="1.1.0">
  <groupId>org.logback-extensions</groupId>
  <artifactId>logback-ext-spring</artifactId>
  <version>0.1.2-SNAPSHOT</version>
  <versioning>
    <snapshot>
      <localCopy>true</localCopy>
    </snapshot>
    <lastUpdated>20131107040152</lastUpdated>
    <snapshotVersions>
      <snapshotVersion>
        <extension>jar</extension>
        <value>0.1.2-SNAPSHOT</value>
        <updated>20131107040152</updated>
      </snapshotVersion>
      <snapshotVersion>
        <extension>pom</extension>
        <value>0.1.2-SNAPSHOT</value>
        <updated>20131107040152</updated>
      </snapshotVersion>
    </snapshotVersions>
  </versioning>
</metadata>
