<?xml version="1.0" encoding="UTF-8"?>

<beans xmlns="http://www.springframework.org/schema/beans"
       xmlns:xsi="http://www.w3.org/2001/XMLSchema-instance" xmlns:aop="http://www.springframework.org/schema/aop"
       xmlns:context="http://www.springframework.org/schema/context"
       xsi:schemaLocation="http://www.springframework.org/schema/beans
        http://www.springframework.org/schema/beans/spring-beans-3.1.xsd
        http://www.springframework.org/schema/aop
        http://www.springframework.org/schema/aop/spring-aop-3.0.xsd  
        http://www.springframework.org/schema/context 
        http://www.springframework.org/schema/context/spring-context-3.0.xsd">
        
  	<context:component-scan base-package="com.example.disconf"/>
    
    <aop:aspectj-autoproxy proxy-target-class="true"/>

    <!-- 使用disconf必须添加以下配置 -->
    <bean id="disconfMgrBean" class="com.baidu.disconf.client.DisconfMgrBean"
          destroy-method="destroy">
        <property name="scanPackage" value="com.example.disconf"/>
    </bean>
    <bean id="disconfMgrBean2" class="com.baidu.disconf.client.DisconfMgrBeanSecond"
          init-method="init" destroy-method="destroy">
    </bean>

    <!-- 使用托管方式的disconf配置(无代码侵入, 配置更改会自动reload)-->
    <bean id="configproperties_disconf"
          class="com.baidu.disconf.client.addons.properties.ReloadablePropertiesFactoryBean">
        <property name="locations">
            <list>
                <value>file:simple.properties</value>
            </list>
        </property>
    </bean>

    <bean id="propertyConfigurer"
          class="com.baidu.disconf.client.addons.properties.ReloadingPropertyPlaceholderConfigurer">
        <property name="ignoreResourceNotFound" value="true"/>
        <property name="ignoreUnresolvablePlaceholders" value="true"/>
        <property name="propertiesArray">
            <list>
                <ref bean="configproperties_disconf"/>
            </list>
        </property>
    </bean>
    
    

<!--     <bean id="autoService" class="com.example.disconf.config.AutoService"> -->
<!--         <property name="auto" value="${auto=100}"/> -->
<!--     </bean> -->

</beans>