{
	"id": "4c1bcda0-6e55-d927-452d-6d8aee7f10da",
	"name": "share",
	"description": "",
	"order": [
		"02360b85-ea58-4478-812a-c23f40a78408",
		"3be9c3db-2a9f-6c03-4272-852ef33f480c",
		"0c955d3d-0bd6-5586-ba4f-7ea802c07709",
		"912a2fd9-6703-7c87-f0f6-8a5a4c0fb1e6",
		"a59ca3a6-35c0-9670-8997-99e9caf37693",
		"60e2997a-600a-b36d-59dd-6cb232cdaf51",
		"609e33ec-c121-2378-6d28-2b16e2b5f1c5",
		"e7040f62-5719-55be-4df6-59459dca79f2",
		"d16c25f4-ee25-5ffc-3f26-a8504f9b789e",
		"802ba229-bbaf-5c7f-5de6-834fc384f211"
	],
	"folders": [],
	"timestamp": 1468395915673,
	"owner": "72211",
	"remoteLink": "",
	"public": false,
	"requests": [
		{
			"id": "02360b85-ea58-4478-812a-c23f40a78408",
			"headers": "Content-Type: application/json\n",
			"url": "localhost:8082/api/v1/music/subscription/add?subscriber=aaaa&publisher=cccc",
			"preRequestScript": null,
			"pathVariables": {},
			"method": "POST",
			"data": [],
			"dataMode": "raw",
			"version": 2,
			"tests": null,
			"currentHelper": "normal",
			"helperAttributes": {},
			"time": 1468484009450,
			"name": "添加关注",
			"description": "",
			"collectionId": "4c1bcda0-6e55-d927-452d-6d8aee7f10da",
			"responses": [],
			"rawModeData": ""
		},
		{
			"id": "0c955d3d-0bd6-5586-ba4f-7ea802c07709",
			"headers": "",
			"url": "localhost:8082/api/v1/music/subscription/subscribers?publisher=bbbb",
			"preRequestScript": null,
			"pathVariables": {},
			"method": "GET",
			"data": null,
			"dataMode": "params",
			"version": 2,
			"tests": null,
			"currentHelper": "normal",
			"helperAttributes": {},
			"time": 1468483483960,
			"name": "查询关注某用户的所有粉丝列表",
			"description": "",
			"collectionId": "4c1bcda0-6e55-d927-452d-6d8aee7f10da",
			"responses": []
		},
		{
			"id": "3be9c3db-2a9f-6c03-4272-852ef33f480c",
			"headers": "",
			"url": "localhost:8082/api/v1/music/subscription/remove?subscriber=aaaa&publisher=bbbb",
			"preRequestScript": null,
			"pathVariables": {},
			"method": "POST",
			"data": null,
			"dataMode": "params",
			"version": 2,
			"tests": null,
			"currentHelper": "normal",
			"helperAttributes": {},
			"time": 1468483479736,
			"name": "删除关注",
			"description": "",
			"collectionId": "4c1bcda0-6e55-d927-452d-6d8aee7f10da",
			"responses": []
		},
		{
			"id": "609e33ec-c121-2378-6d28-2b16e2b5f1c5",
			"headers": "",
			"url": "localhost:8082/api/v1/music/share/private/latest?subscriber=aaaa&last_id=0&update_time=0",
			"preRequestScript": null,
			"pathVariables": {},
			"method": "GET",
			"data": null,
			"dataMode": "params",
			"tests": null,
			"currentHelper": "normal",
			"helperAttributes": {},
			"time": 1468483506256,
			"name": "查询朋友圈最近更新的分享记录id",
			"description": "last_id 上一次更新的最后一条记录的id，查询返回的数据时间在该条记录之后  update_time上一次更新的时间戳",
			"collectionId": "4c1bcda0-6e55-d927-452d-6d8aee7f10da",
			"responses": []
		},
		{
			"id": "60e2997a-600a-b36d-59dd-6cb232cdaf51",
			"headers": "",
			"url": "localhost:8082/api/v1/music/share/private/remove?id=37164922441728",
			"preRequestScript": null,
			"pathVariables": {},
			"method": "POST",
			"data": null,
			"dataMode": "params",
			"tests": null,
			"currentHelper": "normal",
			"helperAttributes": {},
			"time": 1468484041568,
			"name": "删除一条分享",
			"description": "",
			"collectionId": "4c1bcda0-6e55-d927-452d-6d8aee7f10da",
			"responses": []
		},
		{
			"id": "802ba229-bbaf-5c7f-5de6-834fc384f211",
			"headers": "",
			"url": "localhost:8082/api/v1/music/share/private/archive?subscriber=aaaa&before_id=2674070130688",
			"pathVariables": {},
			"preRequestScript": null,
			"method": "GET",
			"collectionId": "4c1bcda0-6e55-d927-452d-6d8aee7f10da",
			"data": null,
			"dataMode": "params",
			"name": "查询朋友圈旧的历史分享记录",
			"description": "",
			"descriptionFormat": "html",
			"time": 1468482105335,
			"version": 2,
			"responses": [],
			"tests": null,
			"currentHelper": "normal",
			"helperAttributes": {}
		},
		{
			"id": "912a2fd9-6703-7c87-f0f6-8a5a4c0fb1e6",
			"headers": "",
			"url": "localhost:8082/api/v1/music/subscription/publishers?subscriber=aaaa",
			"pathVariables": {},
			"preRequestScript": null,
			"method": "GET",
			"collectionId": "4c1bcda0-6e55-d927-452d-6d8aee7f10da",
			"data": null,
			"dataMode": "params",
			"name": "查询某人关注的所有用户",
			"description": "",
			"descriptionFormat": "html",
			"time": 1468483606272,
			"version": 2,
			"responses": [],
			"tests": null,
			"currentHelper": "normal",
			"helperAttributes": {}
		},
		{
			"id": "a59ca3a6-35c0-9670-8997-99e9caf37693",
			"headers": "Content-Type: application/json\n",
			"url": "localhost:8082/api/v1/music/share/private/add?publisher=aaaa",
			"pathVariables": {},
			"preRequestScript": null,
			"method": "POST",
			"collectionId": "4c1bcda0-6e55-d927-452d-6d8aee7f10da",
			"data": [],
			"dataMode": "raw",
			"name": "发布一条分享内容",
			"description": "",
			"descriptionFormat": "html",
			"time": 1468483653664,
			"version": 2,
			"responses": [],
			"tests": null,
			"currentHelper": "normal",
			"helperAttributes": {},
			"rawModeData": "{\"tag\":\"xxx\" ,\"content\":\"ddddd\" }"
		},
		{
			"id": "d16c25f4-ee25-5ffc-3f26-a8504f9b789e",
			"headers": "",
			"url": "localhost:8082/api/v1/music/share/private/timeline?publisher=cccc&page=0&size=2",
			"pathVariables": {},
			"preRequestScript": null,
			"method": "GET",
			"collectionId": "4c1bcda0-6e55-d927-452d-6d8aee7f10da",
			"data": null,
			"dataMode": "params",
			"name": "查询某个用户个人的分享记录",
			"description": "",
			"descriptionFormat": "html",
			"time": 1468483815698,
			"version": 2,
			"responses": [],
			"tests": null,
			"currentHelper": "normal",
			"helperAttributes": {}
		},
		{
			"id": "e7040f62-5719-55be-4df6-59459dca79f2",
			"headers": "",
			"url": "localhost:8082/api/v1/music/share/private/detail?ids=2659402649600,2648912695296,2635931324416",
			"pathVariables": {},
			"preRequestScript": null,
			"method": "GET",
			"collectionId": "4c1bcda0-6e55-d927-452d-6d8aee7f10da",
			"data": null,
			"dataMode": "params",
			"name": "批量查询分享Id列表的详细内容",
			"description": "",
			"descriptionFormat": "html",
			"time": 1468482070591,
			"version": 2,
			"responses": [],
			"tests": null,
			"currentHelper": "normal",
			"helperAttributes": {}
		}
	]
}