<?xml version="1.0" encoding="UTF-8"?>

<beans xmlns="http://www.springframework.org/schema/beans"
       xmlns:xsi="http://www.w3.org/2001/XMLSchema-instance"
       xmlns:dubbo="http://code.alibabatech.com/schema/dubbo"
       xmlns:context="http://www.springframework.org/schema/context"
       xsi:schemaLocation="
	    http://www.springframework.org/schema/beans
	    http://www.springframework.org/schema/beans/spring-beans-4.1.xsd
	    http://code.alibabatech.com/schema/dubbo
	    http://code.alibabatech.com/schema/dubbo/dubbo.xsd
	    http://www.springframework.org/schema/context
        http://www.springframework.org/schema/context/spring-context-4.1.xsd">

    <context:component-scan base-package="me.hao0.trace.user"/>

    <bean id="propertyConfigurer" class="org.springframework.beans.factory.config.PropertyPlaceholderConfigurer">
        <property name="locations">
            <list>
                <value>classpath*:/app.properties</value>
            </list>
        </property>
        <property name="ignoreUnresolvablePlaceholders" value="true" />
    </bean>

    <dubbo:application name="user-service" logger="slf4j" />

    <dubbo:registry address="${dubbo.registry}" protocol="zookeeper" />

    <dubbo:protocol port="-1" />

    <dubbo:consumer timeout="100000000" />

    <dubbo:service interface="me.hao0.trace.user.service.UserService" ref="userService" filter="TraceProviderFilter"/>

</beans>