<?xml version="1.0" encoding="UTF-8"?>
<beans xmlns="http://www.springframework.org/schema/beans"
       xmlns:xsi="http://www.w3.org/2001/XMLSchema-instance"
       xmlns:context="http://www.springframework.org/schema/context"
       xsi:schemaLocation="
		http://www.springframework.org/schema/beans
		http://www.springframework.org/schema/beans/spring-beans-4.1.xsd
		http://www.springframework.org/schema/context
		http://www.springframework.org/schema/context/spring-context-4.1.xsd">

    <context:component-scan base-package="me.hao0.trace.demo.web">
        <context:exclude-filter type="regex" expression="me.hao0.trace.demo.web.controller.*" />
    </context:component-scan>

    <bean id="propertyConfigurer" class="org.springframework.beans.factory.config.PropertyPlaceholderConfigurer">
        <property name="locations">
            <list>
                <value>classpath*:/app.properties</value>
            </list>
        </property>
        <property name="ignoreUnresolvablePlaceholders" value="true" />
    </bean>

    <import resource="service-context.xml" />

</beans>
