{
  "id": 1,
  "title": "Container Activity",
  "originalTitle": "Container Activity",
  "tags": [],
  "style": "dark",
  "timezone": "browser",
  "editable": true,
  "hideControls": false,
  "sharedCrosshair": false,
  "rows": [
    {
      "collapse": false,
      "editable": true,
      "height": "250px",
      "panels": [
        {
          "aliasColors": {},
          "bars": false,
          "datasource": "cadvisor",
          "editable": true,
          "error": false,
          "fill": 1,
          "grid": {
            "leftLogBase": 1,
            "leftMax": null,
            "leftMin": 0,
            "rightLogBase": 1,
            "rightMax": null,
            "rightMin": 0,
            "threshold1": null,
            "threshold1Color": "rgba(216, 200, 27, 0.27)",
            "threshold2": null,
            "threshold2Color": "rgba(234, 112, 112, 0.22)"
          },
          "height": "",
          "id": 1,
          "legend": {
            "avg": false,
            "current": false,
            "max": false,
            "min": false,
            "show": true,
            "total": false,
            "values": false
          },
          "lines": true,
          "linewidth": 2,
          "links": [],
          "nullPointMode": "connected",
          "percentage": false,
          "pointradius": 5,
          "points": false,
          "renderer": "flot",
          "seriesOverrides": [],
          "span": 12,
          "stack": false,
          "steppedLine": false,
          "targets": [
            {
              "alias": "",
              "column": "memory_usage",
              "condition": "memory_usage <> 0 and container_name !~ /.*\\//",
              "function": "mean",
              "groupby_field": "container_name",
              "interval": "10s",
              "query": "select container_name, mean(memory_usage) from \"stats\" where $timeFilter and memory_usage <> 0 and container_name !~ /.*\\// group by time($interval), container_name order asc",
              "series": "stats"
            }
          ],
          "timeFrom": null,
          "timeShift": null,
          "title": "Container Memory Usage",
          "tooltip": {
            "shared": true,
            "value_type": "cumulative"
          },
          "type": "graph",
          "x-axis": true,
          "y-axis": true,
          "y_formats": [
            "bytes",
            "bytes"
          ]
        }
      ],
      "title": "Row"
    },
    {
      "collapse": false,
      "editable": true,
      "height": "250px",
      "panels": [
        {
          "aliasColors": {},
          "bars": false,
          "datasource": "cadvisor",
          "editable": true,
          "error": false,
          "fill": 1,
          "grid": {
            "leftLogBase": 1,
            "leftMax": null,
            "leftMin": 0,
            "rightLogBase": 1,
            "rightMax": null,
            "rightMin": 0,
            "threshold1": null,
            "threshold1Color": "rgba(216, 200, 27, 0.27)",
            "threshold2": null,
            "threshold2Color": "rgba(234, 112, 112, 0.22)"
          },
          "id": 4,
          "interval": "",
          "legend": {
            "alignAsTable": false,
            "avg": false,
            "current": false,
            "hideEmpty": true,
            "max": false,
            "min": false,
            "rightSide": false,
            "show": true,
            "total": false,
            "values": false
          },
          "lines": true,
          "linewidth": 2,
          "links": [],
          "nullPointMode": "connected",
          "percentage": false,
          "pointradius": 5,
          "points": false,
          "renderer": "flot",
          "seriesOverrides": [],
          "span": 12,
          "stack": false,
          "steppedLine": false,
          "targets": [
            {
              "alias": "",
              "column": "cpu_cumulative_usage",
              "condition": "cpu_cumulative_usage > 0 and container_name !~ /\\//",
              "fill": "",
              "function": "derivative",
              "groupby_field": "container_name",
              "interval": "5s",
              "query": "select container_name, derivative(cpu_cumulative_usage) from \"stats\" where $timeFilter and cpu_cumulative_usage > 0 and container_name !~ /\\// group by time($interval), container_name order asc",
              "series": "stats"
            }
          ],
          "timeFrom": null,
          "timeShift": null,
          "title": "Container CPU Usage",
          "tooltip": {
            "shared": true,
            "value_type": "cumulative"
          },
          "transparent": false,
          "type": "graph",
          "x-axis": true,
          "y-axis": true,
          "y_formats": [
            "none",
            "none"
          ]
        },
        {
          "aliasColors": {},
          "bars": false,
          "datasource": "cadvisor",
          "editable": true,
          "error": false,
          "fill": 1,
          "grid": {
            "leftLogBase": 1,
            "leftMax": null,
            "leftMin": null,
            "rightLogBase": 1,
            "rightMax": null,
            "rightMin": null,
            "threshold1": null,
            "threshold1Color": "rgba(216, 200, 27, 0.27)",
            "threshold2": null,
            "threshold2Color": "rgba(234, 112, 112, 0.22)"
          },
          "id": 3,
          "interval": "",
          "legend": {
            "avg": false,
            "current": false,
            "max": false,
            "min": false,
            "show": true,
            "total": false,
            "values": false
          },
          "lines": true,
          "linewidth": 2,
          "links": [],
          "nullPointMode": "connected",
          "percentage": false,
          "pointradius": 5,
          "points": false,
          "renderer": "flot",
          "seriesOverrides": [],
          "span": 12,
          "stack": false,
          "steppedLine": false,
          "targets": [
            {
              "column": "rx_bytes",
              "condition": "rx_bytes > 0 and container_name !~ /\\//",
              "function": "derivative",
              "groupby_field": "container_name",
              "interval": "1m",
              "query": "select container_name, derivative(rx_bytes) from \"stats\" where $timeFilter and rx_bytes > 0 and container_name !~ /\\// group by time($interval), container_name order asc",
              "series": "stats"
            }
          ],
          "timeFrom": null,
          "timeShift": null,
          "title": "Container Network Usage: Received",
          "tooltip": {
            "shared": true,
            "value_type": "cumulative"
          },
          "type": "graph",
          "x-axis": true,
          "y-axis": true,
          "y_formats": [
            "bytes",
            "short"
          ]
        },
        {
          "aliasColors": {},
          "bars": false,
          "datasource": "cadvisor",
          "editable": true,
          "error": false,
          "fill": 1,
          "grid": {
            "leftLogBase": 1,
            "leftMax": null,
            "leftMin": null,
            "rightLogBase": 1,
            "rightMax": null,
            "rightMin": null,
            "threshold1": null,
            "threshold1Color": "rgba(216, 200, 27, 0.27)",
            "threshold2": null,
            "threshold2Color": "rgba(234, 112, 112, 0.22)"
          },
          "id": 2,
          "interval": "",
          "legend": {
            "avg": false,
            "current": false,
            "max": false,
            "min": false,
            "show": true,
            "total": false,
            "values": false
          },
          "lines": true,
          "linewidth": 2,
          "links": [],
          "nullPointMode": "connected",
          "percentage": false,
          "pointradius": 5,
          "points": false,
          "renderer": "flot",
          "seriesOverrides": [],
          "span": 12,
          "stack": false,
          "steppedLine": false,
          "targets": [
            {
              "column": "tx_bytes",
              "condition": "tx_bytes > 0 and container_name !~ /\\//",
              "function": "derivative",
              "groupby_field": "container_name",
              "interval": "1m",
              "query": "select container_name, derivative(tx_bytes) from \"stats\" where $timeFilter and tx_bytes > 0 and container_name !~ /\\// group by time($interval), container_name order asc",
              "series": "stats"
            }
          ],
          "timeFrom": null,
          "timeShift": null,
          "title": "Container Network Usage: Sent",
          "tooltip": {
            "shared": true,
            "value_type": "cumulative"
          },
          "type": "graph",
          "x-axis": true,
          "y-axis": true,
          "y_formats": [
            "bytes",
            "short"
          ]
        }
      ],
      "title": "New row"
    }
  ],
  "nav": [
    {
      "collapse": false,
      "enable": true,
      "notice": false,
      "now": true,
      "refresh_intervals": [
        "5s",
        "10s",
        "30s",
        "1m",
        "5m",
        "15m",
        "30m",
        "1h",
        "2h",
        "1d"
      ],
      "status": "Stable",
      "time_options": [
        "5m",
        "15m",
        "1h",
        "6h",
        "12h",
        "24h",
        "2d",
        "7d",
        "30d"
      ],
      "type": "timepicker"
    }
  ],
  "time": {
    "from": "now-1h",
    "to": "now"
  },
  "templating": {
    "list": []
  },
  "annotations": {
    "list": []
  },
  "schemaVersion": 6,
  "version": 3
}