<?xml version="1.0" encoding="UTF-8"?>
<!DOCTYPE generatorConfiguration
		PUBLIC "-//mybatis.org//DTD MyBatis Generator Configuration 1.0//EN"
		"http://mybatis.org/dtd/mybatis-generator-config_1_0.dtd">

<generatorConfiguration>

	<properties resource="generator.properties"></properties>


	<!-- 配置一个代码生成操作，如果生成的目录或是数据库不一样，只需要参考增加一个context节点即可 -->

	<context id="admin" targetRuntime="cc.lcsmart.common.mbg.introspect.MyIntrospectedTableImpl">
		<!-- 自动识别数据库关键字，默认false，如果设置为true，根据SqlReservedWords中定义的关键字列表；
				   一般保留默认值，遇到数据库关键字（Java关键字），使用columnOverride覆盖
				-->
		<property name="autoDelimitKeywords" value="true"/>
		<!-- beginningDelimiter和endingDelimiter：指明数据库的用于标记数据库对象名的符号，比如ORACLE就是双引号，MYSQL默认是`反引号； -->
		<property name="beginningDelimiter" value="`"/>
		<property name="endingDelimiter" value="`"/>


		<!-- 生成的pojo，将implements Serializable-->
		<!--<plugin type="org.mybatis.generator.plugins.SerializablePlugin" />-->
		<plugin type="cc.lcsmart.common.mbg.UseGeneratedKeysPlugin"/>

		<plugin type="cc.lcsmart.common.mbg.MapperXmlExtPlugin">
			<property name="targetPackage" value="com.millinch.service.admin.dal.mapper"/>
			<property name="targetProject" value="src/main/resources"/>
		</plugin>

		<plugin type="cc.lcsmart.common.mbg.MapperExtPlug">
			<property name="targetPackage" value="com.millinch.plugins.admin.dal.mapper"/>
			<property name="targetProject" value="src/main/java"/>
		</plugin>

		<plugin type="cc.lcsmart.common.mbg.ReqPlugin">
			<property name="targetPackage" value="com.millinch.api.admin.req"/>
			<property name="entityPackage" value="com.millinch.api.admin.entity"/>
			<property name="targetProject" value="src/main/java"/>
			<!--<property name="targetProject" value="../lce-svr-api/src/main/java"/>-->
		</plugin>

		<commentGenerator type="cc.lcsmart.common.mbg.CommentGenerator">
			<!-- 是否去除自动生成的注释 true：是 ： false:否 -->
			<property name="suppressAllComments" value="false" />
		</commentGenerator>

		<jdbcConnection driverClass="${jdbc.driverClass}" connectionURL="${jdbc.url.auth}" userId="${jdbc.userId}" password="${jdbc.password}">
		</jdbcConnection>


		<!--
			默认false，把JDBC DECIMAL 和 NUMERIC 类型解析为 Integer
			true，把JDBC DECIMAL 和 NUMERIC 类型解析为java.math.BigDecimal
		-->
		<javaTypeResolver>
			<property name="forceBigDecimals" value="false" />
		</javaTypeResolver>

		<!-- 对应的Mapper接口类文件 -->
		<!--<javaModelGenerator targetPackage="com.millinch.api.admin.entity" targetProject="../lce-svr-api/src/main/java">-->
		<javaModelGenerator targetPackage="com.millinch.api.admin.entity" targetProject="src/main/java">
			<property name="enableSubPackages" value="true"/>
			<property name="constructorBased" value="false"/>
			<property name="immutable" value="false"/>
			<property name="rootClass" value="cc.lcsmart.common.api.BaseEntity"/>
			<!-- 从数据库返回的值被清理前后的空格  -->
			<property name="trimStrings" value="true"/>

		</javaModelGenerator>


		<!--
		生成model模型，对应的包路径，以及文件存放路径(targetProject)，targetProject可以指定具体的路径,如./src/main/java，
		也可以使用“MAVEN”来自动生成，这样生成的代码会在target/generatord-source目录下
		-->
		<!--<javaModelGenerator targetPackage="com.joey.mybaties.test.pojo" targetProject="MAVEN">-->
		<sqlMapGenerator targetPackage="com.millinch.service.admin.dal.mapper" targetProject="src/main/resources">
			<property name="enableSubPackages" value="true"/>
		</sqlMapGenerator>

		<!--对应的mapper.xml文件  -->
		<javaClientGenerator type="XMLMAPPER" targetPackage="com.millinch.service.admin.dal.mapper" targetProject="src/main/java">
			<property name="enableSubPackages" value="true"/>
		</javaClientGenerator>

		<table tableName="sys_role" domainObjectName="SysRole" delimitIdentifiers="true" delimitAllColumns="false"
			   enableCountByExample="true" enableUpdateByExample="true"
			   enableDeleteByExample="true" enableSelectByExample="true"
			   selectByExampleQueryId="true">
		</table>

	</context>

</generatorConfiguration>