<?xml version="1.0" encoding="UTF-8"?>
<beans xmlns:xsi="http://www.w3.org/2001/XMLSchema-instance"
       xmlns:tx="http://www.springframework.org/schema/tx"
       xmlns:aop="http://www.springframework.org/schema/aop"
       xmlns:context="http://www.springframework.org/schema/context"
       xmlns="http://www.springframework.org/schema/beans"
       xsi:schemaLocation="http://www.springframework.org/schema/beans
       http://www.springframework.org/schema/beans/spring-beans.xsd
       http://www.springframework.org/schema/tx
       http://www.springframework.org/schema/tx/spring-tx.xsd
       http://www.springframework.org/schema/aop
       http://www.springframework.org/schema/aop/spring-aop.xsd
       http://www.springframework.org/schema/context
       http://www.springframework.org/schema/context/spring-context.xsd">

    <context:component-scan base-package="org.atsmart.charger.service.impl"/>

    <context:property-placeholder location="classpath:config.properties"/>

    <bean id="dataSource" class="com.alibaba.druid.pool.DruidDataSource" init-method="init" destroy-method="close">
        <property name="driverClassName" value="${jdbc.driverClass}"/>
        <property name="url" value="${jdbc.url}"/>
        <property name="username" value="${jdbc.user}"/>
        <property name="password" value="${jdbc.password}"/>

        <!--<property name="filters" value="stat,log4j" />-->
        <!--<property name="filters" value="slf4j" />-->
        <property name="proxyFilters">
            <list>
                <ref bean="stat-filter" />
                <ref bean="log-filter"/>
                <ref bean="wall-filter"/>
            </list>
        </property>
        <property name="maxActive" value="20"/>
        <property name="initialSize" value="1"/>
        <property name="maxWait" value="60000"/>
        <property name="minIdle" value="1"/>

        <property name="timeBetweenEvictionRunsMillis" value="60000"/>
        <property name="minEvictableIdleTimeMillis" value="300000"/>

        <property name="validationQuery" value="SELECT 'x'"/>
        <property name="testWhileIdle" value="true"/>
        <property name="testOnBorrow" value="false"/>
        <property name="testOnReturn" value="false"/>
    </bean>

    <!--druid.filters.log4j=com.alibaba.druid.filter.logging.Log4jFilter-->
    <!--druid.filters.slf4j=com.alibaba.druid.filter.logging.Slf4jLogFilter-->
    <bean id="log-filter" class="com.alibaba.druid.filter.logging.Slf4jLogFilter">
        <property name="resultSetLogEnabled" value="false" />
        <property name="statementExecutableSqlLogEnable" value="true" />
    </bean>

    <!--https://github.com/alibaba/druid/wiki/%E9%85%8D%E7%BD%AE-wallfilter-->
    <!--new WallConfig(MySqlWallProvider.DEFAULT_CONFIG_DIR);-->
    <bean id="wall-filter" class="com.alibaba.druid.wall.WallFilter">
        <property name="dbType" value="mysql" />
    </bean>

    <bean id="stat-filter" class="com.alibaba.druid.filter.stat.StatFilter">
        <property name="slowSqlMillis" value="10000" />
        <property name="logSlowSql" value="true" />
    </bean>

    <bean id="sqlSessionFactory" class="org.mybatis.spring.SqlSessionFactoryBean">
        <property name="dataSource" ref="dataSource"/>
        <property name="mapperLocations">
            <array>
                <value>classpath:mapper/*.xml</value>
            </array>
        </property>
        <property name="typeAliasesPackage" value="org.atsmart.charger.dataaccess.model"/>
        <property name="plugins">
            <array>
                <bean class="com.github.pagehelper.PageHelper">
                    <!-- 这里的几个配置主要演示如何使用，如果不理解，一定要去掉下面的配置 -->
                    <property name="properties">
                        <value>
                            dialect=mysql
                            reasonable=true
                            supportMethodsArguments=true
                            rowBoundsWithCount=false
                        </value>
                    </property>
                </bean>
            </array>
        </property>
    </bean>

    <bean class="tk.mybatis.spring.mapper.MapperScannerConfigurer">
        <property name="basePackage" value="org.atsmart.charger.dataaccess.mapper"/>
        <!-- 3.2.2版本新特性，markerInterface可以起到mappers配置的作用，详细情况需要看Marker接口类 -->
        <!--<property name="markerInterface" value="org.atsmart.charger.dataaccess.MyMapper"/>-->
        
        <!-- 通用Mapper通过属性注入进行配置，默认不配置时会注册Mapper<T>接口
        <property name="properties">
            <value>
                mappers=tk.mybatis.mapper.common.Mapper
            </value>
        </property>
        -->
    </bean>

    <bean id="sqlSession" class="org.mybatis.spring.SqlSessionTemplate" scope="prototype">
        <constructor-arg index="0" ref="sqlSessionFactory"/>
    </bean>

    <!--<aop:aspectj-autoproxy proxy-target-class="true"/> -->

    <aop:config proxy-target-class="true">
        <aop:pointcut id="appService" expression="execution(* org.atsmart.charger.service..*Service*.*(..))"/>
        <aop:advisor advice-ref="txAdvice" pointcut-ref="appService"/>
    </aop:config>

    <tx:advice id="txAdvice" transaction-manager="transactionManager">
        <tx:attributes>
            <tx:method name="select*" read-only="true"/>
            <tx:method name="find*" read-only="true"/>
            <tx:method name="get*" read-only="true"/>
            <tx:method name="*"/>
        </tx:attributes>
    </tx:advice>

    <bean id="transactionManager" class="org.springframework.jdbc.datasource.DataSourceTransactionManager">
        <property name="dataSource" ref="dataSource"/>
    </bean>
</beans>