<?xml version="1.0" encoding="UTF-8"?>
<beans xmlns="http://www.springframework.org/schema/beans"
       xmlns:xsi="http://www.w3.org/2001/XMLSchema-instance"
       xmlns:dubbo="http://code.alibabatech.com/schema/dubbo"
       xsi:schemaLocation="http://www.springframework.org/schema/beans http://www.springframework.org/schema/beans/spring-beans-2.5.xsd
	http://code.alibabatech.com/schema/dubbo http://code.alibabatech.com/schema/dubbo/dubbo.xsd">

    <dubbo:application name="demo-consumer" owner="programmer" organization="dubbox"/>

    <dubbo:registry address="zookeeper://127.0.0.1:2181"/>
    <!--<dubbo:registry address="zookeeper://172.28.*.102:2181?backup=172.28.*.102:2182,172.28.*.102:2183"/>-->
    <!--uncomment this if you want to test dubbo's monitor-->
    <!--<dubbo:monitor protocol="registry"/>-->
    <dubbo:annotation package="org.atsmart.charger.web.rest.controller"  />

    <dubbo:reference id="userRestService" interface="org.atsmart.charger.service.dubbo.user.UserRestService"/>
    <!-- version group可选，但必须与provider保持一致  -->
    <!--<dubbo:reference id="userService" interface="org.atsmart.charger.service.dubbo.user.UserService" version="1.0.0" group="dev" />-->
    <dubbo:reference id="userService" interface="org.atsmart.charger.service.dubbo.user.UserService"  />

    <dubbo:reference id="helloService" interface="org.atsmart.charger.service.dubbo.hello.HelloService"  />

</beans>