<?xml version="1.0" encoding="UTF-8"?>

<beans xmlns="http://www.springframework.org/schema/beans"
	xmlns:xsi="http://www.w3.org/2001/XMLSchema-instance" xmlns:context="http://www.springframework.org/schema/context"
	xmlns:mvc="http://www.springframework.org/schema/mvc" xmlns:aop="http://www.springframework.org/schema/aop"
	xmlns:task="http://www.springframework.org/schema/task"
	xsi:schemaLocation="http://www.springframework.org/schema/beans
       http://www.springframework.org/schema/beans/spring-beans.xsd
       http://www.springframework.org/schema/mvc
       http://www.springframework.org/schema/mvc/spring-mvc.xsd
       http://www.springframework.org/schema/aop
       http://www.springframework.org/schema/aop/spring-aop.xsd
       http://www.springframework.org/schema/task
       http://www.springframework.org/schema/task/spring-task.xsd
       http://www.springframework.org/schema/context
       http://www.springframework.org/schema/context/spring-context.xsd">

<!-- 	<mvc:view-controller path="/" view-name="index" /> -->
	<mvc:default-servlet-handler />

	<bean id="defaultViewResolver"
		class="org.springframework.web.servlet.view.InternalResourceViewResolver">
		<property name="viewClass"
			value="org.springframework.web.servlet.view.JstlView" />
		<property name="contentType" value="text/html" />
		<property name="prefix" value="/WEB-INF/jsp/" />
		<property name="suffix" value=".jsp" />
	</bean>

	<mvc:annotation-driven>
		<!-- 配置超时时间 -->
		<mvc:async-support default-timeout="3000">
			<!-- 这里可以配置callable或者deferred-result拦截器 -->
		</mvc:async-support>

		<mvc:message-converters>
			<ref bean="stringHttpMessageConverter" />
			<ref bean="mappingJackson2HttpMessageConverter" />
			<!--<ref bean="marshallingHttpMessageConverter"/> -->
		</mvc:message-converters>
	</mvc:annotation-driven>

	<context:component-scan base-package="org.atsmart.charger.web.rest.controller" />

	<bean id="stringHttpMessageConverter"
		class="org.springframework.http.converter.StringHttpMessageConverter">
		<property name="supportedMediaTypes">
			<list>
				<value>text/plain;charset=UTF-8</value>
			</list>
		</property>
	</bean>

	<!-- <bean id="marshallingHttpMessageConverter" class="org.springframework.http.converter.xml.MarshallingHttpMessageConverter"> 
		<property name="marshaller" ref="castorMarshaller"/> <property name="unmarshaller" 
		ref="castorMarshaller"/> </bean> <bean id="castorMarshaller" class="org.springframework.oxm.castor.CastorMarshaller"/> -->
	<bean id="mappingJackson2HttpMessageConverter"
		class="org.springframework.http.converter.json.MappingJackson2HttpMessageConverter">
		<property name="supportedMediaTypes">
			<list>
				<value>application/json</value>
				<value>application/xml</value>
				<value>text/html</value>
				<value>text/plain</value>
				<value>text/xml</value>
			</list>
		</property>
	</bean>

	<!--信息转换 - 结束 -->
	<bean id="contentNegotiationManagerFactoryBean"
		class="org.springframework.web.accept.ContentNegotiationManagerFactoryBean">
		<property name="defaultContentType" value="text/html" />
		<property name="ignoreAcceptHeader" value="true" />
		<property name="favorPathExtension" value="true" />
		<property name="favorParameter" value="false" />
		<property name="mediaTypes">
			<map>
				<entry key="atom" value="application/atom+xml" />
				<entry key="html" value="text/html" />
				<entry key="json" value="application/json" />
			</map>
		</property>
	</bean>

	<!--内容协商 -->
	<bean
		class="org.springframework.web.servlet.view.ContentNegotiatingViewResolver">
		<property name="contentNegotiationManager">
			<bean
				class="org.springframework.web.accept.ContentNegotiationManagerFactoryBean">
				<property name="defaultContentType" value="text/html" />
				<property name="mediaTypes">
					<map>
						<entry key="json" value="application/json" />
						<entry key="xml" value="application/xml" />
						<entry key="html" value="text/html" />
					</map>
				</property>
			</bean>
		</property>
		<property name="viewResolvers">
			<list>
				<bean
					class="org.springframework.web.servlet.view.InternalResourceViewResolver">
					<property name="prefix" value="/WEB-INF/jsp/" />
					<property name="suffix" value=".jsp" />
				</bean>
			</list>
		</property>
		<property name="defaultViews">
			<list>
				<bean
					class="org.springframework.web.servlet.view.json.MappingJackson2JsonView" />
				<!-- <bean class="org.springframework.web.servlet.view.xml.MarshallingView"> 
					<property name="marshaller" ref="castorMarshaller"/> </bean> -->
			</list>
		</property>
	</bean>


	<!--国际化 -->
	<bean id="messageSource"
		class="org.springframework.context.support.ResourceBundleMessageSource">
		<property name="defaultEncoding" value="UTF-8" />
		<property name="basenames">
			<list>
				<value>messages.welcome</value>
			</list>
		</property>
	</bean>

	<!--文件上传 -->
	<bean id="multipartResolver"
		class="org.springframework.web.multipart.commons.CommonsMultipartResolver">
		<property name="maxUploadSize" value="100000" />
	</bean>

</beans>