<beans xmlns="http://www.springframework.org/schema/beans" xmlns:xsi="http://www.w3.org/2001/XMLSchema-instance" xmlns:p="http://www.springframework.org/schema/p"
	xmlns:c="http://www.springframework.org/schema/c" xmlns:mvc="http://www.springframework.org/schema/mvc" xmlns:context="http://www.springframework.org/schema/context"
	xmlns:util="http://www.springframework.org/schema/util" xmlns:aop="http://www.springframework.org/schema/aop"
	xsi:schemaLocation="http://www.springframework.org/schema/beans http://www.springframework.org/schema/beans/spring-beans-3.0.xsd
             http://www.springframework.org/schema/context http://www.springframework.org/schema/context/spring-context-3.0.xsd
             http://www.springframework.org/schema/mvc http://www.springframework.org/schema/mvc/spring-mvc-3.0.xsd
             http://www.springframework.org/schema/util http://www.springframework.org/schema/util/spring-util-3.0.xsd
             http://www.springframework.org/schema/aop http://www.springframework.org/schema/aop/spring-aop-3.0.xsd">

	<!-- Old version -->
<!-- 	<bean class="org.springframework.context.support.PropertySourcesPlaceholderConfigurer"> -->
<!-- 		<property name="order" value="1" /> -->
<!-- 		<property name="ignoreUnresolvablePlaceholders" value="true" /> -->
<!-- 		<property name="locations"> -->
<!-- 			<list> -->
<!-- 				<value>classpath:property-group1.properties</value> -->
<!-- 				<value>classpath:property-group2.properties</value> -->
<!-- 			</list> -->
<!-- 		</property> -->
<!-- 	</bean> -->

	<!-- New version -->
	<util:properties id="configToolkitConfigs" location="classpath:config-toolkit.properties" />

	<!-- Config Profile -->
	<bean id="configProfile" class="com.dangdang.config.service.zookeeper.ZookeeperConfigProfile">
		<constructor-arg name="connectStr" value="#{configToolkitConfigs['zk.address']}" />
		<constructor-arg name="rootNode" value="/config_test" />
		<constructor-arg name="version" value="#{configToolkitConfigs['zk.configs.version']}" />
	</bean>

	<bean id="zookeeperSources" class="com.dangdang.config.service.support.spring.ConfigGroupSourceFactory" factory-method="create">
		<constructor-arg name="configGroups">
			<list>
				<bean class="com.dangdang.config.service.zookeeper.ZookeeperConfigGroup" c:configProfile-ref="configProfile" c:node="property-group1" />
				<bean class="com.dangdang.config.service.zookeeper.ZookeeperConfigGroup" c:configProfile-ref="configProfile" c:node="property-group2" />
			</list>
		</constructor-arg>
	</bean>

	<bean class="org.springframework.context.support.PropertySourcesPlaceholderConfigurer">
		<property name="order" value="1" />
		<property name="ignoreUnresolvablePlaceholders" value="true" />
		<property name="propertySources" ref="zookeeperSources" />
	</bean>

	<!-- Inject property with used spring style -->
	<bean class="com.dangdang.config.service.easyzk.demo.simple.ExampleBean" c:stringProperty="${string_property_key}" c:intProperty="${int_property_key}">
		<property name="cool" value="${cool}" />
	</bean>

</beans>