<?xml version="1.0" encoding="UTF-8"?>

<!-- For assistance related to logback-translator or configuration -->
<!-- files in general, please contact the logback user mailing list -->
<!-- at http://www.qos.ch/mailman/listinfo/logback-user -->
<!-- -->
<!-- For professional support please see -->
<!-- http://www.qos.ch/shop/products/professionalSupport -->
<!-- -->
<configuration>
	<appender name="stdout" class="ch.qos.logback.core.ConsoleAppender">
		<encoder>
			<pattern>%d{HH:mm:ss.SSS} [%thread] %-5level %logger{26}[%L] - %msg%n
			</pattern>
		</encoder>
	</appender>

	<logger name="org.apache" level="INFO" />
	<logger name="org.springframework" level="INFO" />
	
	<root level="DEBUG">
		<appender-ref ref="stdout" />
	</root>
</configuration>